# Blender v2.91.2 OBJ File: 'camionnete02.blend'
# www.blender.org
mtllib decor0.mtl
o Cube.012_Cube.014
v -1101.163818 750.415161 -1496.450562
v -1101.163818 374.574463 -1496.450562
v -1101.163818 750.415161 -1120.609985
v -1101.163818 374.574463 -1120.609985
v -1477.004395 750.415161 -1496.450562
v -1477.004395 374.574463 -1496.450562
v -1477.004395 750.415161 -1120.609985
v -1477.004395 374.574463 -1120.609985
v -1101.163818 750.415161 -4981.973633
v -1101.163818 374.574463 -4981.973633
v -1477.004395 374.574463 -4981.973633
v -1477.004395 750.415161 -4981.973633
v -1101.163818 2478.006104 -1496.450562
v -1477.004395 2478.006104 -1496.450562
v -1101.163818 2478.006104 -4981.973633
v -1477.004395 2478.006104 -4981.973633
v -1101.163818 4466.419434 -1496.450562
v -1477.004395 4466.419434 -1496.450562
v -1101.163818 4466.419434 -4981.973633
v -1477.004395 4466.419434 -4981.973633
v -415.804382 750.415161 -1496.450562
v -415.804382 374.574463 -1496.450562
v -415.804382 750.415161 -4981.973633
v -415.804382 374.574463 -4981.973633
v -415.804382 2478.006104 -4981.973633
v -415.804382 2478.006104 -1496.450562
v -415.804382 4466.419434 -4981.973633
v -415.804382 4466.419434 -1496.450562
v -1477.004395 2012.705566 -1496.450562
v -1101.163818 2012.705566 -1496.450562
v -1101.163818 750.415161 -11027.657227
v -1477.004395 2012.705566 -4981.973633
v -415.804382 2012.705566 -1496.450562
v -415.804382 2012.705566 -4981.973633
v -1477.004395 750.415161 -2428.932373
v -1101.163818 374.574463 -2428.932373
v -1477.004395 374.574463 -2428.932373
v -1477.004395 2478.006104 -2428.932373
v -1477.004395 4466.419434 -2428.932373
v -1101.163818 4466.419434 -2428.932373
v -415.804382 750.415161 -2428.932373
v -415.804382 374.574463 -2428.932373
v -415.804382 2478.006104 -2428.932373
v -415.804382 4466.419434 -2428.932373
v -415.804382 2012.705566 -2428.932373
v -1477.004395 2012.705566 -2428.932373
v -1477.004395 750.415161 -3705.452881
v -1101.163818 374.574463 -3705.452881
v -1477.004395 2478.006104 -3705.452881
v -1477.004395 4466.419434 -3705.452881
v -415.804382 374.574463 -3705.452881
v -415.804382 2012.705566 -3705.452881
v -1477.004395 374.574463 -3705.453125
v -1101.163818 4466.419434 -3705.453125
v -415.804382 750.415161 -3705.453125
v -415.804382 2478.006104 -3705.453125
v -415.804382 4466.419434 -3705.453125
v -1477.004395 2012.705566 -3705.453125
v 2866.359863 2478.006104 -2428.932373
v 2866.359863 2478.006104 -1496.450562
v 2866.359863 2012.705566 -1496.450562
v 2866.359863 2478.006104 -4981.973633
v 2866.359863 2012.705566 -4981.973633
v 2866.359863 2012.705566 -3705.452881
v 2866.359863 2478.006104 -3705.453125
v 2866.359863 2012.705566 -2428.932373
v 3541.323730 2478.006104 -2428.932373
v 3541.323730 2478.006104 -1496.450562
v 3541.323730 2012.705566 -1496.450562
v 3541.323730 2478.006104 -4981.973633
v 3541.323730 2012.705566 -4981.973633
v 3541.323730 2012.705566 -3705.452881
v 3541.323730 2478.006104 -3705.453125
v 3541.323730 2012.705566 -2428.932373
v 2866.359863 -1515.814941 -3705.452881
v 2866.359863 -1515.814941 -4981.973633
v 2866.359863 -1515.814941 -1496.450562
v 2866.359863 -1515.814941 -2428.932373
v 3541.323730 -1515.814941 -3705.452881
v 3541.323730 -1515.814941 -4981.973633
v 3541.323730 -1515.814941 -1496.450562
v 3541.323730 -1515.814941 -2428.932373
v -1101.163818 750.415161 -9892.433594
v -1477.004395 750.415161 -9892.433594
v -1101.163818 2478.006104 -9892.433594
v -1477.004395 2478.006104 -9892.433594
v -415.804382 2478.006104 -9892.433594
v -1101.163818 750.415161 -12526.441406
v -1477.004395 2012.705566 -9892.433594
v -415.804382 2012.705566 -9892.433594
v -415.804382 750.415161 -9892.433594
v 2866.359863 2478.006104 -9892.433594
v 2866.359863 2012.705566 -9892.433594
v 3541.323730 2478.006104 -9892.433594
v 3541.323730 2012.705566 -9892.433594
v 3541.323730 -1515.814941 -9892.433594
v 2866.359863 -1515.814941 -9892.433594
v -1477.004395 750.415161 -11027.657227
v -1101.163818 2478.006104 -11027.657227
v -1477.004395 2478.006104 -11027.657227
v -415.804382 2478.006104 -11027.657227
v -1477.004395 2012.705566 -11027.657227
v -415.804382 2012.705566 -11027.657227
v -415.804382 750.415161 -11027.657227
v 2866.359863 2478.006104 -11027.657227
v 2866.359863 2012.705566 -11027.657227
v 3541.323730 2478.006104 -11027.657227
v 3541.323730 2012.705566 -11027.657227
v 3541.323730 -1515.814941 -11027.657227
v 2866.359863 -1515.814941 -11027.657227
v -1477.004395 750.415161 -12526.441406
v -1101.163818 2478.006104 -12526.441406
v -1477.004395 2478.006104 -12526.441406
v -415.804382 2478.006104 -12526.441406
v -1101.163818 2012.705566 -12526.441406
v -1477.004395 2012.705566 -12526.441406
v -415.804382 2012.705566 -12526.441406
v -415.804382 750.415161 -12526.441406
v 2866.359863 2478.006104 -12526.441406
v 2866.359863 2012.705566 -12526.441406
v 3541.323730 2478.006104 -12526.441406
v 3541.323730 2012.705566 -12526.441406
v 3541.323730 -1515.814941 -12526.441406
v 2866.359863 -1515.814941 -12526.441406
v 2866.359863 5727.959473 -11027.657227
v 2866.359863 5727.959473 -9892.433594
v -415.804382 5727.959473 -9892.433594
v -415.804382 5727.959473 -11027.657227
v 2866.359863 2478.006104 -5230.693848
v -415.804382 2478.006104 -5230.693848
v 2866.359863 5727.959473 -5230.693848
v -415.804382 5727.959473 -5230.693848
v 473.245728 2012.705566 -1496.450562
v 473.245728 2012.705566 -2428.932373
v 473.245728 -1515.814941 -1496.450562
v 473.245728 -1515.814941 -2428.932373
v -1101.163818 -861.087341 -9892.433594
v -1477.004395 -861.087341 -9892.433594
v -1477.004395 -861.087341 -11027.657227
v -1101.163818 -861.087341 -11027.657227
v 3541.323730 167.576050 -3705.452881
v 3541.323730 167.576050 -4981.973633
v 3541.323730 167.576050 -1496.450562
v 2866.359863 167.576050 -1496.450562
v 2866.359863 167.576050 -2428.932373
v 2866.359863 167.576050 -3705.452881
v 2866.359863 167.576050 -4981.973633
v 3541.323730 167.576050 -2428.932373
v 3541.323730 167.576050 -9892.433594
v 2866.359863 167.576050 -9892.433594
v 473.245728 167.576050 -1496.450562
v 473.245728 167.576050 -2428.932373
v 3541.323730 1252.389893 -3705.452881
v 2866.359863 1252.389893 -1496.450562
v 2866.359863 1252.389893 -3705.452881
v 3541.323730 1252.389893 -2428.932373
v 473.245728 1252.389893 -1496.450562
v 3541.323730 1252.389893 -4981.973633
v 3541.323730 1252.389893 -1496.450562
v 2866.359863 1252.389893 -2428.932373
v 2866.359863 1252.389893 -4981.973633
v 3541.323730 1252.389893 -9892.433594
v 2866.359863 1252.389893 -9892.433594
v 473.245728 1252.389893 -2428.932373
v -574.290039 1252.389893 -2428.932373
v -574.290039 167.576050 -2428.932373
v -574.290039 167.576050 -1496.450562
v -574.290039 1252.389893 -1496.450562
vt 0.000000 0.000000
vt 0.000000 1.000000
vt 1.000000 1.000000
vt 1.000000 0.000000
vt 0.000000 0.000000
vt 0.000000 1.000000
vt 1.000000 1.000000
vt 1.000000 0.000000
vt 0.000000 0.000000
vt 0.000000 1.000000
vt 1.000000 1.000000
vt 1.000000 0.000000
vt 0.000000 0.000000
vt 0.000000 1.000000
vt 1.000000 1.000000
vt 1.000000 0.000000
vt 0.000000 1.000000
vt 1.000000 1.000000
vt 1.000000 0.000000
vt 0.000000 0.000000
vt 0.000000 1.000000
vt 1.000000 1.000000
vt 0.000000 0.000000
vt 0.000000 1.000000
vt 1.000000 1.000000
vt 1.000000 0.000000
vt 0.000000 0.000000
vt 0.000000 1.000000
vt 1.000000 0.000000
vt 0.000000 0.000000
vt 0.000000 1.000000
vt 1.000000 1.000000
vt 1.000000 0.000000
vt 0.000000 0.000000
vt 0.000000 1.000000
vt 1.000000 1.000000
vt 1.000000 0.000000
vt 0.000000 0.000000
vt 0.000000 1.000000
vt 1.000000 1.000000
vt 1.000000 0.000000
vt 0.000000 0.000000
vt 0.000000 1.000000
vt 1.000000 1.000000
vt 0.000000 0.000000
vt 0.000000 1.000000
vt 1.000000 1.000000
vt 1.000000 0.000000
vt 0.000000 0.000000
vt 0.000000 1.000000
vt 1.000000 1.000000
vt 1.000000 0.000000
vt 0.000000 0.000000
vt 0.000000 1.000000
vt 1.000000 1.000000
vt 1.000000 0.000000
vt 0.000000 0.000000
vt 0.000000 1.000000
vt 1.000000 0.000000
vt 0.000000 1.000000
vt 1.000000 1.000000
vt 1.000000 0.000000
vt 0.000000 0.000000
vt 0.000000 1.000000
vt 1.000000 1.000000
vt 0.000000 0.000000
vt 0.000000 1.000000
vt 1.000000 1.000000
vt 1.000000 0.000000
vt 0.000000 0.000000
vt 0.000000 1.000000
vt 1.000000 1.000000
vt 1.000000 0.000000
vt 0.000000 0.000000
vt 0.000000 1.000000
vt 1.000000 0.000000
vt 0.000000 1.000000
vt 1.000000 1.000000
vt 1.000000 0.000000
vt 0.000000 0.000000
vt 0.000000 1.000000
vt 1.000000 1.000000
vt 0.000000 1.000000
vt 1.000000 1.000000
vt 1.000000 0.000000
vt 0.000000 0.000000
vt 0.000000 1.000000
vt 1.000000 1.000000
vt 1.000000 0.000000
vt 0.000000 0.000000
vt 0.000000 1.000000
vt 1.000000 1.000000
vt 1.000000 0.000000
vt 0.000000 1.000000
vt 1.000000 1.000000
vt 1.000000 0.000000
vt 0.000000 0.000000
vt 0.000000 1.000000
vt 1.000000 0.000000
vt 0.000000 1.000000
vt 1.000000 1.000000
vt 1.000000 0.000000
vt 0.000000 1.000000
vt 1.000000 1.000000
vt 1.000000 0.000000
vt 0.000000 1.000000
vt 1.000000 1.000000
vt 1.000000 0.000000
vt 0.000000 1.000000
vt 1.000000 1.000000
vt 1.000000 0.000000
vt 0.000000 0.000000
vt 0.000000 1.000000
vt 1.000000 1.000000
vt 1.000000 0.000000
vt 0.000000 0.000000
vt 0.000000 1.000000
vt 1.000000 1.000000
vt 1.000000 0.000000
vt 0.000000 0.000000
vt 0.000000 1.000000
vt 1.000000 1.000000
vt 1.000000 0.000000
vt 0.000000 0.000000
vt 0.000000 1.000000
vt 1.000000 1.000000
vt 1.000000 0.000000
vt 0.000000 0.000000
vt 1.000000 0.000000
vt 0.000000 1.000000
vt 1.000000 1.000000
vt 1.000000 0.000000
vt 0.000000 0.000000
vt 1.000000 1.000000
vt 0.000000 0.000000
vt 0.000000 1.000000
vt 1.000000 1.000000
vt 1.000000 0.000000
vt 0.000000 1.000000
vt 1.000000 0.000000
vt 0.000000 0.000000
vt 0.000000 1.000000
vt 1.000000 1.000000
vt 1.000000 0.000000
vt 0.000000 1.000000
vt 1.000000 1.000000
vt 1.000000 0.000000
vt 0.000000 0.000000
vt 0.000000 1.000000
vt 1.000000 1.000000
vt 0.000000 0.000000
vt 0.000000 1.000000
vt 1.000000 1.000000
vt 1.000000 0.000000
vt 1.000000 1.000000
vt 0.000000 0.000000
vt 1.000000 1.000000
vt 0.000000 0.000000
vt 0.000000 1.000000
vt 1.000000 1.000000
vt 0.000000 0.000000
vt 0.000000 1.000000
vt 1.000000 1.000000
vt 1.000000 0.000000
vt 0.000000 0.000000
vt 1.000000 0.000000
vt 0.000000 0.000000
vt 1.000000 1.000000
vt 0.000000 0.000000
vt 0.000000 1.000000
vt 1.000000 1.000000
vt 1.000000 0.000000
vt 0.000000 1.000000
vt 1.000000 0.000000
vt 0.000000 0.000000
vt 0.000000 1.000000
vt 1.000000 1.000000
vt 1.000000 0.000000
vt 0.000000 1.000000
vt 1.000000 1.000000
vt 1.000000 0.000000
vt 0.000000 0.000000
vt 0.000000 1.000000
vt 1.000000 1.000000
vt 0.000000 0.000000
vt 0.000000 1.000000
vt 1.000000 1.000000
vt 0.000000 0.000000
vt 0.000000 1.000000
vt 1.000000 1.000000
vt 1.000000 0.000000
vt 0.000000 0.000000
vt 0.000000 1.000000
vt 1.000000 1.000000
vt 1.000000 0.000000
vt 0.000000 1.000000
vt 1.000000 1.000000
vt 1.000000 0.000000
vt 0.000000 1.000000
vt 1.000000 1.000000
vt 0.000000 0.000000
vt 0.000000 1.000000
vt 1.000000 1.000000
vt 0.000000 0.000000
vt 0.000000 1.000000
vt 1.000000 1.000000
vt 1.000000 0.000000
vt 0.000000 0.000000
vt 0.000000 1.000000
vt 1.000000 1.000000
vt 0.000000 0.000000
vt 1.000000 1.000000
vt 1.000000 0.000000
vt 0.000000 0.000000
vt 1.000000 1.000000
vt 1.000000 0.000000
vt 0.000000 0.000000
vt 0.000000 1.000000
vt 1.000000 0.000000
vt 0.000000 0.000000
vt 0.000000 1.000000
vt 1.000000 0.000000
vt 0.000000 0.522919
vt 0.000000 1.000000
vt 1.000000 1.000000
vt 1.000000 0.522919
vt 0.000000 0.522919
vt 0.000000 1.000000
vt 1.000000 1.000000
vt 1.000000 0.522919
vt 0.000000 0.522919
vt 0.000000 1.000000
vt 1.000000 1.000000
vt 1.000000 0.522919
vt 0.000000 0.000000
vt 0.000000 1.000000
vt 1.000000 0.000000
vt 0.000000 0.000000
vt 1.000000 1.000000
vt 1.000000 0.000000
vt 0.000000 0.000000
vt 0.000000 1.000000
vt 1.000000 0.000000
vt 0.000000 0.000000
vt 0.000000 1.000000
vt 1.000000 1.000000
vt 1.000000 0.000000
vt 0.000000 1.000000
vt 1.000000 1.000000
vt 0.522919 0.000000
vt 0.522919 1.000000
vt 1.000000 1.000000
vt 0.000000 0.522919
vt 0.000000 1.000000
vt 1.000000 1.000000
vt 1.000000 0.522919
vt 0.000000 0.522919
vt 1.000000 0.522919
vt 0.000000 0.522919
vt 0.000000 1.000000
vt 1.000000 0.522919
vt 0.000000 0.000000
vt 0.000000 1.000000
vt 1.000000 1.000000
vt 1.000000 0.000000
vt 0.000000 0.000000
vt 0.000000 1.000000
vt 1.000000 1.000000
vt 1.000000 0.000000
vt 0.000000 0.000000
vt 0.000000 1.000000
vt 1.000000 1.000000
vt 1.000000 0.000000
vt 0.000000 0.000000
vt 0.000000 1.000000
vt 1.000000 1.000000
vt 1.000000 0.000000
vt 0.000000 0.000000
vt 0.000000 1.000000
vt 1.000000 1.000000
vt 1.000000 0.000000
vt 0.000000 0.000000
vt 0.000000 1.000000
vt 1.000000 1.000000
vt 1.000000 0.000000
vt 0.784523 0.000000
vt 0.784523 1.000000
vt 1.000000 1.000000
vt 1.000000 0.000000
vt 0.000000 1.000000
vt 1.000000 1.000000
vt 1.000000 0.000000
vt 0.000000 1.000000
vt 1.000000 1.000000
vt 1.000000 0.000000
vt 0.522919 0.000000
vt 0.522919 1.000000
vt 1.000000 1.000000
vt 1.000000 0.000000
vt 0.000000 0.000000
vt 0.000000 1.000000
vt 1.000000 1.000000
vt 0.000000 0.000000
vt 0.000000 1.000000
vt 1.000000 1.000000
vt 0.000000 1.000000
vt 1.000000 1.000000
vt 1.000000 0.000000
vt 0.000000 0.000000
vt 0.000000 1.000000
vt 1.000000 1.000000
vt 1.000000 0.000000
vt 0.000000 0.000000
vt 0.000000 1.000000
vt 1.000000 1.000000
vt 1.000000 0.000000
vt 0.000000 0.000000
vt 0.000000 1.000000
vt 1.000000 1.000000
vt 1.000000 0.000000
vt 0.000000 0.000000
vt 0.000000 1.000000
vt 1.000000 1.000000
vt 1.000000 0.000000
vt 0.000000 0.000000
vt 0.000000 1.000000
vt 1.000000 1.000000
vt 1.000000 0.000000
vt 0.000000 0.000000
vt 0.000000 1.000000
vt 1.000000 1.000000
vt 1.000000 0.000000
vt 0.000000 0.000000
vt 0.000000 1.000000
vt 1.000000 1.000000
vt 1.000000 0.000000
vt 0.000000 0.000000
vt 0.000000 1.000000
vt 1.000000 1.000000
vt 1.000000 0.000000
vt 0.000000 0.000000
vt 0.000000 1.000000
vt 1.000000 1.000000
vt 1.000000 0.000000
vt 0.000000 0.000000
vt 0.000000 1.000000
vt 1.000000 1.000000
vt 1.000000 0.000000
vt 0.000000 0.000000
vt 0.000000 1.000000
vt 1.000000 1.000000
vt 1.000000 0.000000
vt 0.000000 1.000000
vt 1.000000 1.000000
vt 1.000000 0.000000
vt 0.000000 0.000000
vt 0.000000 1.000000
vt 1.000000 1.000000
vt 1.000000 0.000000
vt 0.000000 0.000000
vt 0.000000 1.000000
vt 1.000000 1.000000
vt 1.000000 0.000000
vt 0.000000 0.000000
vt 1.000000 0.000000
vt 0.000000 0.000000
vt 0.000000 1.000000
vt 1.000000 1.000000
vt 0.000000 0.000000
vt 0.000000 0.000000
vt 1.000000 0.000000
vt 0.000000 0.000000
vt 0.000000 1.000000
vt 1.000000 1.000000
vt 1.000000 0.000000
vt 0.000000 0.000000
vt 0.000000 0.000000
vt 0.000000 1.000000
vt 1.000000 0.000000
vt 0.000000 0.000000
vt 1.000000 0.000000
vt 0.000000 0.000000
vt 0.000000 1.000000
vt 1.000000 1.000000
vt 0.000000 0.000000
vt 1.000000 1.000000
vt 1.000000 0.000000
vt 0.000000 0.000000
vt 1.000000 1.000000
vt 1.000000 0.000000
vt 0.000000 0.000000
vt 0.000000 1.000000
vt 1.000000 1.000000
vt 1.000000 0.000000
vt 0.000000 0.000000
vt 0.000000 1.000000
vt 1.000000 1.000000
vt 1.000000 0.000000
vt 0.000000 0.000000
vt 0.000000 1.000000
vt 1.000000 1.000000
vt 1.000000 0.000000
vt 0.000000 1.000000
vt 1.000000 1.000000
vt 0.000000 1.000000
vt 1.000000 1.000000
vt 0.000000 0.000000
vt 0.000000 1.000000
vt 1.000000 1.000000
vt 1.000000 0.000000
vt 0.000000 1.000000
vt 0.000000 0.000000
vt 0.000000 1.000000
vt 1.000000 1.000000
vt 1.000000 0.000000
vt 1.000000 1.000000
vt 0.000000 0.522919
vt 0.000000 1.000000
vt 1.000000 0.522919
vt 0.000000 0.000000
vt 0.000000 1.000000
vt 1.000000 1.000000
vt 0.784523 0.000000
vt 0.784523 1.000000
vt 1.000000 1.000000
vt 1.000000 0.000000
vt 0.000000 0.000000
vt 0.000000 1.000000
vt 1.000000 1.000000
vt 1.000000 0.000000
vt 0.000000 0.000000
vt 0.000000 1.000000
vt 1.000000 0.000000
vt 0.000000 1.000000
vt 1.000000 1.000000
vt 0.000000 0.000000
vt 0.000000 1.000000
vt 1.000000 1.000000
vt 1.000000 0.000000
vt 1.000000 1.000000
vt 0.477081 1.000000
vt 0.477081 0.000000
vt 0.000000 0.215477
vt 0.000000 0.215477
vt 1.000000 0.215477
vt 1.000000 0.215477
vt 0.215477 0.000000
vt 0.215477 1.000000
vt 0.000000 0.000000
vt 0.000000 1.000000
vt 0.477081 1.000000
vt 0.477081 0.000000
vt 0.000000 0.215477
vt 1.000000 0.215477
vt 0.000000 0.215477
vt 1.000000 0.215477
vt 0.000000 0.215477
vt 1.000000 0.215477
vt 0.215477 0.000000
vt 0.215477 1.000000
vt 0.000000 0.215477
vt 1.000000 0.215477
vt 0.000000 0.215477
vt 1.000000 0.215477
vt 0.000000 0.215477
vt 1.000000 0.215477
vt 0.000000 0.000000
vt 0.000000 1.000000
vt 0.000000 0.000000
vt 1.000000 0.000000
vt 0.000000 0.000000
vt 0.000000 1.000000
vt 0.000000 0.000000
vt 1.000000 0.000000
vt 0.000000 0.522919
vt 1.000000 0.522919
vt 0.477081 1.000000
vt 0.784523 1.000000
vt 0.000000 1.000000
vt 0.965636 1.000000
vt 0.965636 0.000000
vt 0.000000 0.000000
vn 1.0000 0.0000 0.0000
vn 0.0000 0.0000 1.0000
vn -1.0000 0.0000 0.0000
vn 0.0000 1.0000 0.0000
vn 0.0000 -1.0000 0.0000
vn 0.0000 0.0000 -1.0000
usemtl Matériau.007
s off
f 1/1/1 3/2/1 4/3/1 2/4/1
f 3/5/2 7/6/2 8/7/2 4/8/2
f 7/9/3 5/10/3 6/11/3 8/12/3
f 30/13/2 13/14/2 14/15/2 29/16/2
f 3/5/4 1/17/4 5/18/4 7/19/4
f 8/20/5 6/21/5 2/22/5 4/8/5
f 12/23/6 9/24/6 10/25/6 11/26/6
f 53/27/5 11/28/5 10/25/5 48/29/5
f 47/30/3 12/31/3 11/32/3 53/33/3
f 13/34/2 26/35/2 28/36/2 17/37/2
f 16/38/6 20/39/6 19/40/6 15/41/6
f 25/42/4 87/43/4 85/44/4 15/41/4
f 58/45/3 49/46/3 16/47/3 32/48/3
f 62/49/4 92/50/4 87/51/4 25/52/4
f 54/53/4 19/54/4 20/55/4 50/56/4
f 49/57/3 50/58/3 20/55/3 16/59/3
f 13/34/2 17/60/2 18/61/2 14/62/2
f 19/63/6 27/64/6 25/65/6 15/41/6
f 51/66/1 24/67/1 23/68/1 55/69/1
f 34/70/5 63/71/5 64/72/5 52/73/5
f 43/74/1 44/75/1 28/36/1 26/76/1
f 54/53/4 57/77/4 27/78/4 19/79/4
f 36/80/5 42/81/5 22/82/5 2/4/5
f 30/13/2 33/83/2 26/84/2 13/85/2
f 2/86/2 22/87/2 21/88/2 1/89/2
f 9/90/6 23/91/6 24/92/6 10/93/6
f 1/1/2 21/94/2 33/95/2 30/96/2
f 41/97/1 45/98/1 33/95/1 21/99/1
f 12/23/5 84/100/5 83/101/5 9/102/5
f 47/30/3 58/103/3 32/104/3 12/105/3
f 34/70/5 90/106/5 93/107/5 63/108/5
f 1/1/2 30/109/2 29/110/2 5/111/2
f 5/112/3 29/113/3 46/114/3 35/115/3
f 55/116/1 52/117/1 45/118/1 41/119/1
f 48/120/5 51/121/5 42/122/5 36/123/5
f 17/124/4 28/125/4 44/126/4 40/127/4
f 56/128/1 57/77/1 44/126/1 43/129/1
f 43/74/4 59/130/4 65/131/4 56/132/4
f 22/133/1 42/81/1 41/134/1 21/99/1
f 14/135/3 18/136/3 39/137/3 38/138/3
f 17/124/4 40/139/4 39/137/4 18/140/4
f 29/141/3 14/142/3 38/143/3 46/144/3
f 5/112/3 35/145/3 37/146/3 6/147/3
f 6/148/5 37/149/5 36/150/5 2/4/5
f 45/151/5 66/152/5 61/153/5 33/154/5
f 25/42/1 27/64/1 57/155/1 56/132/1
f 10/156/5 24/67/5 51/157/5 48/29/5
f 23/158/1 34/159/1 52/160/1 55/69/1
f 35/161/3 46/162/3 58/163/3 47/164/3
f 40/165/4 44/75/4 57/155/4 54/166/4
f 42/167/1 51/121/1 55/168/1 41/119/1
f 38/169/3 39/170/3 50/171/3 49/172/3
f 40/165/4 54/173/4 50/171/4 39/174/4
f 46/175/3 38/176/3 49/177/3 58/178/3
f 35/161/3 47/179/3 53/180/3 37/181/3
f 37/182/5 53/183/5 48/184/5 36/123/5
f 15/185/4 85/186/4 86/187/4 16/59/4
f 59/188/4 67/189/4 73/190/4 65/191/4
f 65/192/4 73/193/4 70/194/4 62/195/4
f 23/158/1 91/196/1 90/197/1 34/198/1
f 56/128/4 65/199/4 62/200/4 25/52/4
f 26/201/4 60/202/4 59/203/4 43/129/4
f 52/204/5 64/205/5 66/206/5 45/207/5
f 33/208/2 61/209/2 60/210/2 26/76/2
f 74/211/1 67/189/1 68/212/1 69/213/1
f 72/214/1 73/193/1 67/215/1 74/216/1
f 71/217/1 70/218/1 73/190/1 72/219/1
f 60/220/4 68/221/4 67/215/4 59/222/4
f 146/223/3 75/224/3 78/225/3 145/226/3
f 144/227/2 77/228/2 81/229/2 143/230/2
f 141/231/1 79/232/1 80/233/1 142/234/1
f 61/235/2 69/236/2 68/212/2 60/237/2
f 75/238/5 79/232/5 82/239/5 78/240/5
f 78/241/5 82/242/5 81/229/5 77/243/5
f 76/244/5 80/245/5 79/246/5 75/247/5
f 16/38/3 86/248/3 89/249/3 32/48/3
f 144/250/2 151/251/2 135/252/2 77/243/2
f 147/253/3 76/254/3 75/255/3 146/256/3
f 148/257/1 82/242/1 79/246/1 141/258/1
f 143/259/1 81/260/1 82/239/1 148/261/1
f 87/262/4 101/263/4 99/264/4 85/265/4
f 95/266/1 108/267/1 107/268/1 94/269/1
f 85/270/4 99/271/4 100/272/4 86/273/4
f 89/274/3 102/275/3 98/276/3 84/277/3
f 92/278/5 129/279/5 130/280/5 87/281/5
f 83/282/1 137/283/1 140/284/1 31/285/1
f 158/286/1 162/287/1 95/288/1 71/289/1
f 9/90/5 83/290/5 91/291/5 23/292/5
f 76/244/5 97/293/5 96/294/5 80/295/5
f 147/296/3 150/297/3 97/298/3 76/299/3
f 70/300/4 94/301/4 92/302/4 62/195/4
f 32/303/3 89/304/3 84/305/3 12/105/3
f 71/217/1 95/306/1 94/307/1 70/308/1
f 107/309/4 121/310/4 119/311/4 105/312/4
f 106/313/3 120/314/3 124/315/3 110/316/3
f 104/317/1 118/318/1 117/319/1 103/320/1
f 110/321/5 124/322/5 123/323/5 109/324/5
f 100/325/3 113/326/3 116/327/3 102/328/3
f 109/329/1 123/330/1 122/331/1 108/332/1
f 101/333/4 114/334/4 112/335/4 99/336/4
f 86/337/3 100/338/3 102/339/3 89/340/3
f 97/341/5 110/342/5 109/343/5 96/344/5
f 91/345/1 104/346/1 103/347/1 90/348/1
f 94/349/4 107/350/4 105/351/4 92/352/4
f 83/282/5 31/353/5 104/354/5 91/355/5
f 90/356/5 103/357/5 106/358/5 93/359/5
f 115/360/6 117/361/6 118/362/6 88/363/6
f 116/364/6 113/326/6 112/335/6 115/365/6
f 111/366/6 116/367/6 115/368/6 88/363/6
f 112/369/6 114/334/6 117/319/6 115/365/6
f 119/370/6 121/310/6 122/331/6 120/371/6
f 114/372/6 119/373/6 120/374/6 117/375/6
f 122/376/6 123/330/6 124/315/6 120/371/6
f 31/377/5 88/378/5 118/362/5 104/379/5
f 103/380/5 117/361/5 120/374/5 106/381/5
f 98/382/5 111/383/5 88/384/5 31/285/5
f 105/385/4 119/373/4 114/386/4 101/387/4
f 102/388/3 116/367/3 111/389/3 98/390/3
f 99/391/4 112/392/4 113/393/4 100/394/4
f 108/395/1 122/396/1 121/397/1 107/398/1
f 126/399/4 125/400/4 128/401/4 127/402/4
f 87/262/3 127/403/3 128/401/3 101/387/3
f 105/385/1 125/400/1 126/404/1 92/352/1
f 101/333/6 128/405/6 125/406/6 105/312/6
f 129/407/2 131/408/2 132/409/2 130/410/2
f 87/262/3 130/411/3 132/409/3 127/402/3
f 127/412/4 132/413/4 131/414/4 126/415/4
f 126/399/1 131/408/1 129/416/1 92/352/1
f 152/417/3 136/418/3 135/252/3 151/419/3
f 77/420/5 135/421/5 136/422/5 78/240/5
f 160/423/6 164/424/6 134/425/6 66/426/6
f 66/427/4 134/428/4 133/429/4 61/430/4
f 138/431/5 139/432/5 140/284/5 137/433/5
f 31/377/6 140/434/6 139/435/6 98/390/6
f 84/436/2 138/437/2 137/438/2 83/439/2
f 98/382/3 139/432/3 138/440/3 84/277/3
f 78/241/6 136/418/6 152/441/6 145/442/6
f 164/443/4 165/444/4 168/445/4 157/446/4
f 161/447/3 163/448/3 150/297/3 147/296/3
f 80/449/1 96/450/1 149/451/1 142/452/1
f 159/453/1 143/259/1 148/261/1 156/454/1
f 156/455/1 148/257/1 141/258/1 153/456/1
f 161/457/3 147/253/3 146/256/3 155/458/3
f 154/459/2 157/460/2 151/251/2 144/250/2
f 153/461/1 141/231/1 142/234/1 158/462/1
f 154/463/2 144/227/2 143/230/2 159/464/2
f 155/465/3 146/223/3 145/226/3 160/466/3
f 64/467/3 155/465/3 160/466/3 66/426/3
f 61/235/2 154/463/2 159/464/2 69/213/2
f 72/214/1 153/461/1 158/462/1 71/289/1
f 61/235/2 133/468/2 157/460/2 154/459/2
f 63/469/3 161/457/3 155/458/3 64/470/3
f 74/211/1 156/455/1 153/456/1 72/219/1
f 69/471/1 159/453/1 156/454/1 74/216/1
f 63/469/3 93/472/3 163/448/3 161/447/3
f 134/473/3 164/443/3 157/446/3 133/474/3
f 145/442/6 152/441/6 164/424/6 160/423/6
f 142/452/1 149/451/1 162/287/1 158/286/1
f 165/444/3 166/475/3 167/476/3 168/445/3
f 151/419/5 167/476/5 166/475/5 152/417/5
f 152/441/6 166/477/6 165/478/6 164/424/6
f 157/479/2 168/480/2 167/481/2 151/482/2
o Cube.013_Cube.021
v -246.370041 -1501.181396 -1571.948608
v -246.370041 -1308.240234 -1571.948608
v -246.370041 -1501.181396 -1764.889771
v -246.370041 -1308.240234 -1764.889771
v -53.428886 -1501.181396 -1571.948608
v -53.428886 -1308.240234 -1571.948608
v -53.428886 -1501.181396 -1764.889771
v -53.428886 -1308.240234 -1764.889771
v -246.370041 129.568115 -1571.948608
v -246.370041 129.568115 -1764.889771
v -53.428886 129.568115 -1764.889771
v -53.428886 129.568115 -1571.948608
v 432.806335 -1308.240234 -1764.889771
v 432.806335 -1501.181396 -1764.889771
v 432.806335 -1501.181396 -1571.948608
v 432.806335 -1308.240234 -1571.948608
v 432.806335 129.568115 -1764.889771
v 432.806335 129.568115 -1571.948608
v -472.142822 -1501.181396 -1764.889771
v -472.142822 -1501.181396 -1571.948608
v -472.142822 -1308.240234 -1571.948608
v -472.142822 -1308.240234 -1764.889771
v -472.142822 129.568115 -1571.948608
v -472.142822 129.568115 -1764.889771
vt 0.427365 0.570059
vt 0.427365 0.312126
vt 0.125540 0.312126
vt 0.125540 0.570059
vt 0.327329 -0.072311
vt 0.327329 0.060586
vt 0.460227 0.060586
vt 0.460227 -0.072311
vt 0.795145 0.060586
vt 0.795145 -0.072311
vt 0.482783 0.004352
vt 0.482783 0.123510
vt 0.363625 0.123510
vt 0.363625 0.004352
vt 0.685299 0.570059
vt 0.685299 0.312126
vt 0.482783 1.011488
vt 0.783078 0.123510
vt 0.783078 1.011488
vt 0.685299 0.570059
vt 0.427365 0.570059
vt 0.427365 0.312126
vt 0.685299 0.312126
vt 0.327329 1.050946
vt 0.171817 0.060586
vt 0.171817 1.050946
vt 0.363625 1.011488
vt 0.460227 1.050946
vt 0.659971 0.029117
vt 0.659971 0.287050
vt 0.402037 0.287050
vt 0.402037 0.029117
vt 0.659971 1.029117
vt 0.402037 1.029117
vt 0.783078 0.004352
vt 0.875681 0.570059
vt 0.875681 0.312126
vt 0.795145 1.050946
vt 0.875681 0.312126
vt 0.875681 0.570059
vt 0.402037 0.029117
vt 0.402037 0.287050
vt 0.659971 0.287050
vt 0.659971 0.029117
vt 0.402037 1.029117
vt 0.659971 1.029117
vt 0.224189 1.011488
vt 0.224189 0.123510
vt 0.171817 -0.072311
vt 0.224189 0.004352
vt 0.125540 0.570059
vt 0.125540 0.312126
vn 0.0000 -1.0000 0.0000
vn 0.0000 0.0000 -1.0000
vn 0.0000 0.0000 1.0000
vn 0.0000 1.0000 0.0000
vn 1.0000 0.0000 0.0000
vn -1.0000 0.0000 0.0000
usemtl Matériau.006
s off
f 171/483/7 169/484/7 188/485/7 187/486/7
f 171/487/8 172/488/8 176/489/8 175/490/8
f 175/490/8 176/489/8 181/491/8 182/492/8
f 173/493/9 174/494/9 170/495/9 169/496/9
f 171/483/7 175/497/7 173/498/7 169/484/7
f 180/499/9 174/494/9 184/500/9 186/501/9
f 179/502/10 178/503/10 177/504/10 180/505/10
f 178/506/8 172/488/8 190/507/8 192/508/8
f 170/495/9 174/494/9 180/499/9 177/509/9
f 176/489/8 172/488/8 178/506/8 179/510/8
f 182/511/11 181/512/11 184/513/11 183/514/11
f 184/513/11 181/512/11 185/515/11 186/516/11
f 174/494/9 173/493/9 183/517/9 184/500/9
f 173/498/7 175/497/7 182/518/7 183/519/7
f 176/489/8 179/510/8 185/520/8 181/491/8
f 179/502/10 180/505/10 186/521/10 185/522/10
f 188/523/12 189/524/12 190/525/12 187/526/12
f 190/525/12 189/524/12 191/527/12 192/528/12
f 170/495/9 177/509/9 191/529/9 189/530/9
f 172/488/8 171/487/8 187/531/8 190/507/8
f 169/496/9 170/495/9 189/530/9 188/532/9
f 177/504/10 178/503/10 192/533/10 191/534/10
o Cube.014_Cube.015
v -246.370041 1241.568848 -1571.948608
v -246.370041 1338.021484 -1571.948608
v -246.370041 1241.568848 -1764.889771
v -246.370041 1338.021484 -1764.889771
v -53.428886 1241.568848 -1571.948608
v -53.428886 1338.021484 -1571.948608
v -53.428886 1241.568848 -1764.889771
v -53.428886 1338.021484 -1764.889771
v -246.370041 2056.791992 -1571.948608
v -246.370041 2056.791992 -1764.889771
v -53.428886 2056.791992 -1764.889771
v -53.428886 2056.791992 -1571.948608
v 432.806335 1338.021484 -1764.889771
v 432.806335 1241.568848 -1764.889771
v 432.806335 1241.568848 -1571.948608
v 432.806335 1338.021484 -1571.948608
v 432.806335 2056.791992 -1764.889771
v 432.806335 2056.791992 -1571.948608
v -472.142822 1241.568848 -1764.889771
v -472.142822 1241.568848 -1571.948608
v -472.142822 1338.021484 -1571.948608
v -472.142822 1338.021484 -1764.889771
v -472.142822 2056.791992 -1571.948608
v -472.142822 2056.791992 -1764.889771
vt 0.427365 0.570059
vt 0.427365 0.312126
vt 0.125540 0.312126
vt 0.125540 0.570059
vt 0.327329 -0.072311
vt 0.327329 0.060586
vt 0.460227 0.060586
vt 0.460227 -0.072311
vt 0.795145 0.060586
vt 0.795145 -0.072311
vt 0.482783 0.004352
vt 0.482783 0.123510
vt 0.363625 0.123510
vt 0.363625 0.004352
vt 0.685299 0.570059
vt 0.685299 0.312126
vt 0.482783 1.011488
vt 0.783078 0.123510
vt 0.783078 1.011488
vt 0.685299 0.570059
vt 0.427365 0.570059
vt 0.427365 0.312126
vt 0.685299 0.312126
vt 0.327329 1.050946
vt 0.171817 0.060586
vt 0.171817 1.050946
vt 0.363625 1.011488
vt 0.460227 1.050946
vt 0.659971 0.029117
vt 0.659971 0.287050
vt 0.402037 0.287050
vt 0.402037 0.029117
vt 0.659971 1.029117
vt 0.402037 1.029117
vt 0.783078 0.004352
vt 0.875681 0.570059
vt 0.875681 0.312126
vt 0.795145 1.050946
vt 0.875681 0.312126
vt 0.875681 0.570059
vt 0.402037 0.029117
vt 0.402037 0.287050
vt 0.659971 0.287050
vt 0.659971 0.029117
vt 0.402037 1.029117
vt 0.659971 1.029117
vt 0.224189 1.011488
vt 0.224189 0.123510
vt 0.171817 -0.072311
vt 0.224189 0.004352
vt 0.125540 0.570059
vt 0.125540 0.312126
vn 0.0000 -1.0000 0.0000
vn 0.0000 0.0000 -1.0000
vn 0.0000 0.0000 1.0000
vn 0.0000 1.0000 0.0000
vn 1.0000 0.0000 0.0000
vn -1.0000 0.0000 0.0000
usemtl Matériau.006
s off
f 195/535/13 193/536/13 212/537/13 211/538/13
f 195/539/14 196/540/14 200/541/14 199/542/14
f 199/542/14 200/541/14 205/543/14 206/544/14
f 197/545/15 198/546/15 194/547/15 193/548/15
f 195/535/13 199/549/13 197/550/13 193/536/13
f 204/551/15 198/546/15 208/552/15 210/553/15
f 203/554/16 202/555/16 201/556/16 204/557/16
f 202/558/14 196/540/14 214/559/14 216/560/14
f 194/547/15 198/546/15 204/551/15 201/561/15
f 200/541/14 196/540/14 202/558/14 203/562/14
f 206/563/17 205/564/17 208/565/17 207/566/17
f 208/565/17 205/564/17 209/567/17 210/568/17
f 198/546/15 197/545/15 207/569/15 208/552/15
f 197/550/13 199/549/13 206/570/13 207/571/13
f 200/541/14 203/562/14 209/572/14 205/543/14
f 203/554/16 204/557/16 210/573/16 209/574/16
f 212/575/18 213/576/18 214/577/18 211/578/18
f 214/577/18 213/576/18 215/579/18 216/580/18
f 194/547/15 201/561/15 215/581/15 213/582/15
f 196/540/14 195/539/14 211/583/14 214/559/14
f 193/548/15 194/547/15 213/582/15 212/584/15
f 201/556/16 202/555/16 216/585/16 215/586/16
o Cube.018_Cube.016
v -1.000000 -554.390991 1395.058105
v -1.000000 -553.622437 1395.058105
v -1.000000 -554.390991 1393.058105
v -1.000000 -553.622437 1393.058105
v 1.000000 -554.390991 1395.058105
v 1.000000 -553.622437 1395.058105
v 1.000000 -554.390991 1393.058105
v 1.000000 -553.622437 1393.058105
vt 0.375000 0.000000
vt 0.625000 0.000000
vt 0.625000 0.250000
vt 0.375000 0.250000
vt 0.625000 0.500000
vt 0.375000 0.500000
vt 0.625000 0.750000
vt 0.375000 0.750000
vt 0.625000 1.000000
vt 0.375000 1.000000
vt 0.125000 0.500000
vt 0.125000 0.750000
vt 0.875000 0.500000
vt 0.875000 0.750000
vn -1.0000 0.0000 0.0000
vn 0.0000 0.0000 -1.0000
vn 1.0000 0.0000 0.0000
vn 0.0000 0.0000 1.0000
vn 0.0000 -1.0000 0.0000
vn 0.0000 1.0000 0.0000
usemtl None
s off
f 217/587/19 218/588/19 220/589/19 219/590/19
f 219/590/20 220/589/20 224/591/20 223/592/20
f 223/592/21 224/591/21 222/593/21 221/594/21
f 221/594/22 222/593/22 218/595/22 217/596/22
f 219/597/23 223/592/23 221/594/23 217/598/23
f 224/591/24 220/599/24 218/600/24 222/593/24
o Cube.024_Cube.023
v -3191.738770 -6192.150391 -7169.271484
v -3191.738770 4329.032227 -7169.271484
v -3191.738770 -6192.150391 -12567.699219
v -3191.738770 4329.032227 -12567.699219
v 2206.688965 -6192.150391 -7169.271484
v 2206.688965 4329.032227 -7169.271484
v 2206.688965 -6192.150391 -12567.699219
v 2206.688965 4329.032227 -12567.699219
v -7821.345215 -6192.150391 -12567.699219
v -7821.345215 -6192.150391 -7169.271484
v -7821.345215 4329.032227 -7169.271484
v -7821.345215 4329.032227 -12567.699219
v -3191.738770 4329.032227 -23021.621094
v -3191.738770 -6192.150391 -23021.621094
v 2206.688965 -6192.150391 -23021.621094
v 2206.688965 4329.032227 -23021.621094
v -7821.345215 4329.032227 -23021.621094
v -7821.345215 -6192.150391 -23021.621094
v -3191.738770 4329.032227 -25653.046875
v -3191.738770 -6192.150391 -25653.046875
v 2206.688965 -6192.150391 -25653.046875
v 2206.688965 4329.032227 -25653.046875
v -7821.345215 4329.032227 -25653.046875
v -7821.345215 -6192.150391 -25653.046875
v -13913.077148 4329.032227 -12567.699219
v -13913.077148 -6192.150391 -12567.699219
v -13913.077148 4329.032227 -23021.621094
v -13913.077148 -6192.150391 -23021.621094
v -13913.077148 4329.032227 -25653.046875
v -13913.077148 -6192.150391 -25653.046875
v -22419.560547 4329.032227 -12567.699219
v -22419.560547 -6192.150391 -12567.699219
v -22419.560547 4329.032227 -23021.621094
v -22419.560547 -6192.150391 -23021.621094
v -22419.560547 4329.032227 -25653.046875
v -22419.560547 -6192.150391 -25653.046875
v -13913.077148 4329.032227 -38388.960938
v -13913.077148 -6192.150391 -38388.960938
v -22419.560547 4329.032227 -38388.960938
v -22419.560547 -6192.150391 -38388.960938
v -13913.077148 4329.032227 -44935.867188
v -13913.077148 -6192.150391 -44935.867188
v -22419.560547 4329.032227 -44935.867188
v -22419.560547 -6192.150391 -44935.867188
v 17933.269531 4329.032227 -12567.699219
v 17933.269531 -6192.150391 -12567.699219
v 17933.269531 4329.032227 -23021.621094
v 17933.269531 -6192.150391 -23021.621094
v 26662.687500 4329.032227 -12567.699219
v 26662.687500 -6192.150391 -12567.699219
v 26662.687500 4329.032227 -23021.621094
v 26662.687500 -6192.150391 -23021.621094
v 35718.386719 4329.032227 -12567.699219
v 35718.386719 -6192.150391 -12567.699219
v 35718.386719 4329.032227 -23021.621094
v 35718.386719 -6192.150391 -23021.621094
v 26662.687500 4329.032227 7907.719727
v 26662.687500 -6192.150391 7907.719727
v 35718.386719 4329.032227 7907.719727
v 35718.386719 -6192.150391 7907.719727
v 26662.687500 4329.032227 12767.280273
v 26662.687500 -6192.150391 12767.280273
v 35718.386719 4329.032227 12767.280273
v 35718.386719 -6192.150391 12767.280273
v 26662.687500 4329.032227 28268.855469
v 26662.687500 -6192.150391 28268.855469
v 35718.386719 4329.032227 28268.855469
v 35718.386719 -6192.150391 28268.855469
v 26662.687500 4329.032227 31495.382812
v 26662.687500 -6192.150391 31495.382812
v 35718.386719 4329.032227 31495.382812
v 35718.386719 -6192.150391 31495.382812
v 14754.964844 4329.032227 28268.855469
v 14754.964844 -6192.150391 28268.855469
v 14754.964844 4329.032227 31495.382812
v 14754.964844 -6192.150391 31495.382812
v -3420.750000 4329.032227 28268.855469
v -3420.750000 -6192.150391 28268.855469
v -3420.750000 4329.032227 31495.382812
v -3420.750000 -6192.150391 31495.382812
v -43698.726562 4329.032227 28268.855469
v -43698.726562 -6192.150391 28268.855469
v -43698.726562 4329.032227 31495.382812
v -43698.726562 -6192.150391 31495.382812
v -46067.644531 4329.032227 28268.855469
v -46067.644531 -6192.150391 28268.855469
v -46067.644531 4329.032227 31495.382812
v -46067.644531 -6192.150391 31495.382812
v -43698.726562 4329.032227 19150.269531
v -43698.726562 -6192.150391 19150.269531
v -46067.644531 4329.032227 19150.269531
v -46067.644531 -6192.150391 19150.269531
v -32382.119141 4329.032227 -3059.803711
v -32382.119141 -6192.150391 -3059.803711
v -34751.035156 4329.032227 -3059.803711
v -34751.035156 -6192.150391 -3059.803711
v -32382.119141 4329.032227 -24397.255859
v -32382.119141 -6192.150391 -24397.255859
v -34751.035156 4329.032227 -24397.255859
v -34751.035156 -6192.150391 -24397.255859
v -32382.119141 4329.032227 -26260.144531
v -32382.119141 -6192.150391 -26260.144531
v -34751.035156 4329.032227 -26260.144531
v -34751.035156 -6192.150391 -26260.144531
v -22309.607422 4329.032227 -24397.255859
v -22309.607422 -6192.150391 -24397.255859
v -22309.607422 4329.032227 -26260.144531
v -22309.607422 -6192.150391 -26260.144531
vt 0.676215 0.242283
vt 0.676215 0.099341
vt 0.553630 0.099341
vt 0.553630 0.242283
vt 0.676215 0.242283
vt 0.819157 0.242283
vt 0.819157 0.519086
vt 0.676215 0.519086
vt 0.242283 0.428529
vt 0.242283 0.571471
vt 0.099341 0.571471
vt 0.099341 0.428529
vt 0.819157 0.428529
vt 0.819157 0.571471
vt 0.676215 0.571471
vt 0.676215 0.428529
vt 0.819157 0.242283
vt 0.819157 0.099341
vt 0.676215 0.099341
vt 0.819157 0.099341
vt 0.099341 0.428529
vt 0.099341 0.571471
vt 0.242283 0.571471
vt 0.242283 0.428529
vt 0.553630 0.242283
vt 0.553630 0.519086
vt 0.553630 0.571471
vt 0.553630 0.428529
vt 0.553630 0.099341
vt 0.676215 0.519086
vt 0.553630 0.519086
vt 0.553630 0.588762
vt 0.676215 0.588762
vt 0.819157 0.588762
vt 0.676215 0.588762
vt 0.519086 0.428529
vt 0.519086 0.571471
vt 0.519086 0.571471
vt 0.519086 0.428529
vt 0.819157 0.519086
vt 0.392331 0.242283
vt 0.392331 0.519086
vt 0.676215 0.428529
vt 0.676215 0.571471
vt 0.819157 0.571471
vt 0.819157 0.428529
vt 0.553630 0.428529
vt 0.553630 0.571471
vt 0.588762 0.428529
vt 0.588762 0.571471
vt 0.819157 0.588762
vt 0.553630 0.588762
vt 0.392331 0.588762
vt 0.167093 0.519086
vt 0.167093 0.588762
vt 0.392331 0.428529
vt 0.392331 0.571471
vt 0.167093 0.571471
vt 0.167093 0.428529
vt 0.392331 0.519086
vt 0.392331 0.242283
vt 0.392331 0.428529
vt 0.392331 0.571471
vt 0.392331 0.588762
vt 0.553630 0.428529
vt 0.553630 0.571471
vt 0.242283 0.428529
vt 0.242283 0.571471
vt 0.519086 0.571471
vt 0.519086 0.428529
vt 0.588762 0.571471
vt 0.588762 0.428529
vt 0.167093 0.242283
vt 0.167093 0.588762
vt 0.167093 0.519086
vt 0.392331 0.925989
vt 0.167093 0.925989
vt 0.167093 0.242283
vt 0.392331 1.099341
vt 0.167093 1.099341
vt 0.925989 0.571471
vt 0.925989 0.428529
vt 0.167093 0.925989
vt 0.392331 0.925989
vt 0.588762 0.571471
vt 0.588762 0.428529
vt 0.925989 0.428529
vt 0.925989 0.571471
vt 0.392331 0.571471
vt 0.392331 0.428529
vt 0.167093 0.428529
vt 0.167093 0.571471
vt 1.099341 0.571471
vt 1.099341 0.428529
vt 0.167093 1.099341
vt 0.392331 1.099341
vt 1.099341 0.428529
vt 1.099341 0.571471
vt 0.402933 0.580545
vt 0.402933 0.419455
vt 0.663421 0.419455
vt 0.663421 0.580545
vt -0.066354 0.580545
vt -0.066354 0.419455
vt -0.066354 0.655974
vt -0.066354 0.344026
vt 0.402933 0.344026
vt 0.402933 0.655974
vt 0.819157 0.519086
vt 0.819157 0.242283
vt 0.819157 0.242283
vt 0.819157 0.519086
vt 0.819157 0.519086
vt 0.819157 0.242283
vt 0.519086 0.571471
vt 0.519086 0.428529
vt 0.663421 0.344026
vt 0.663421 0.655974
vt 0.242283 0.571471
vt 0.242283 0.428529
vt 0.519086 0.428529
vt 0.519086 0.571471
vt 0.933646 0.344026
vt 0.933646 0.655974
vt 0.242283 0.571471
vt 0.242283 0.428529
vt 0.933646 0.344026
vt 0.663421 0.344026
vt 0.663421 0.344026
vt 0.933646 0.344026
vt 0.819157 0.242283
vt 0.819157 0.242283
vt 1.154094 0.606541
vt 1.154094 0.393459
vt 0.345906 0.393459
vt 0.345906 0.606541
vt 0.242283 0.428529
vt 0.242283 0.571471
vt 0.242283 0.571471
vt 0.242283 0.428529
vt 0.819157 0.242283
vt 0.819157 0.242283
vt 0.154094 0.393459
vt 0.154094 0.606541
vt 0.819157 0.242283
vt 0.819157 0.242283
vt 0.819157 0.242283
vt 0.819157 0.242283
vt 1.000000 0.674125
vt 1.000000 0.325875
vt 0.000000 0.325875
vt 0.000000 0.674125
vt 0.663421 0.344026
vt 0.933646 0.344026
vt 0.663421 0.580545
vt 0.663421 0.419455
vt 0.933646 0.419455
vt 0.933646 0.580545
vt 0.819157 0.242283
vt 0.819157 0.242283
vt 0.663421 0.344026
vt 0.933646 0.344026
vt 0.242283 0.571471
vt 0.242283 0.428529
vt 0.819157 0.242283
vt 0.819157 0.242283
vt 0.952643 0.538362
vt 0.952643 0.461638
vt 0.783406 0.461638
vt 0.783406 0.538362
vt 0.663421 0.344026
vt 0.663421 0.344026
vt 0.663421 0.580545
vt 0.663421 0.419455
vt 0.819157 0.242283
vt 0.819157 0.242283
vt 0.525087 0.461638
vt 0.525087 0.538362
vt 0.663421 0.344026
vt 0.663421 0.344026
vt 0.663421 0.580545
vt 0.663421 0.419455
vt 0.663421 0.344026
vt 0.663421 0.344026
vt 0.663421 0.344026
vt 0.663421 0.344026
vt -0.047357 0.461638
vt -0.047357 0.538362
vt 0.525087 0.461638
vt 0.525087 0.538362
vt -0.047357 0.538362
vt -0.047357 0.461638
vt 0.000000 0.674125
vt 0.000000 0.325875
vt 0.000000 0.325875
vt 0.000000 0.674125
vt -0.047357 0.538362
vt -0.047357 0.461638
vt 0.819157 0.242283
vt 0.819157 0.242283
vt 0.663421 0.344026
vt 0.663421 0.344026
vt 0.106141 0.551251
vt 0.106141 0.448749
vt 0.527856 0.448749
vt 0.527856 0.551251
vt 0.000000 0.674125
vt 0.000000 0.325875
vt 0.819157 0.242283
vt 0.819157 0.242283
vt -0.066998 0.551251
vt -0.066998 0.448749
vt 0.819157 0.242283
vt 0.819157 0.242283
vt 0.819157 0.242283
vt 0.819157 0.242283
vt 0.000000 0.674125
vt 0.000000 0.325875
vt 0.663421 0.344026
vt 0.663421 0.344026
vt 0.663421 0.344026
vt 0.663421 0.344026
vt 0.663421 0.344026
vt 0.663421 0.344026
vt 0.000000 0.674125
vt 0.000000 0.325875
vt 0.933002 0.448749
vt 0.933002 0.551251
vt -0.047357 0.538362
vt -0.047357 0.461638
vt -0.047357 0.461638
vt -0.047357 0.538362
vt 0.556671 0.551251
vt 0.556671 0.448749
vt 0.747924 0.448749
vt 0.747924 0.551251
vt 0.819157 0.242283
vt 0.819157 0.242283
vt 0.000000 0.674125
vt 0.000000 0.325875
vt -0.047357 0.538362
vt -0.047357 0.461638
vt -0.047357 0.461638
vt -0.047357 0.538362
vt 0.819157 0.242283
vt 0.819157 0.242283
vt 0.663421 0.344026
vt 0.663421 0.344026
vn 0.0000 -1.0000 0.0000
vn 0.0000 1.0000 0.0000
vn 1.0000 0.0000 0.0000
vn 0.0000 0.0000 1.0000
vn -1.0000 0.0000 0.0000
vn 0.0000 0.0000 -1.0000
vn 0.8910 0.0000 0.4540
vn -0.8910 0.0000 -0.4540
usemtl Matériau.002
s off
f 227/601/25 225/602/25 234/603/25 233/604/25
f 228/605/26 232/606/26 240/607/26 237/608/26
f 231/609/27 232/610/27 230/611/27 229/612/27
f 229/613/28 230/614/28 226/615/28 225/616/28
f 227/601/25 231/617/25 229/618/25 225/602/25
f 232/606/26 228/605/26 226/619/26 230/620/26
f 234/621/29 235/622/29 236/623/29 233/624/29
f 236/625/26 228/605/26 237/608/26 241/626/26
f 225/616/28 226/615/28 235/627/28 234/628/28
f 226/619/26 228/605/26 236/625/26 235/629/26
f 238/630/25 242/631/25 248/632/25 244/633/25
f 237/608/26 240/607/26 246/634/26 243/635/26
f 227/601/25 233/604/25 242/631/25 238/630/25
f 239/636/30 240/637/30 271/638/30 272/639/30
f 231/617/25 227/601/25 238/630/25 239/640/25
f 242/631/25 233/604/25 250/641/25 252/642/25
f 244/643/30 243/644/30 246/645/30 245/646/30
f 243/644/30 244/643/30 248/647/30 247/648/30
f 240/637/27 239/636/27 245/649/27 246/650/27
f 239/640/25 238/630/25 244/633/25 245/651/25
f 241/626/26 237/608/26 243/635/26 247/652/26
f 248/632/25 242/631/25 252/642/25 254/653/25
f 254/653/25 252/642/25 258/654/25 260/655/25
f 250/656/28 249/657/28 255/658/28 256/659/28
f 236/625/26 241/626/26 251/660/26 249/661/26
f 247/648/30 248/647/30 254/662/30 253/663/30
f 241/626/26 247/652/26 253/664/26 251/660/26
f 233/665/28 236/666/28 249/657/28 250/656/28
f 256/667/29 255/668/29 257/669/29 258/670/29
f 258/670/29 257/669/29 259/671/29 260/672/29
f 252/642/25 250/641/25 256/673/25 258/654/25
f 251/660/26 253/664/26 259/674/26 257/675/26
f 259/674/26 253/664/26 261/676/26 263/677/26
f 249/661/26 251/660/26 257/675/26 255/678/26
f 263/677/26 261/676/26 265/679/26 267/680/26
f 260/672/29 259/671/29 263/681/29 264/682/29
f 254/653/25 260/655/25 264/683/25 262/684/25
f 253/685/27 254/686/27 262/687/27 261/688/27
f 265/689/30 266/690/30 268/691/30 267/692/30
f 264/682/29 263/681/29 267/693/29 268/694/29
f 262/684/25 264/683/25 268/695/25 266/696/25
f 261/688/27 262/687/27 266/697/27 265/698/27
f 269/699/28 270/700/28 274/701/28 273/702/28
f 232/703/28 231/704/28 270/700/28 269/699/28
f 240/705/26 232/706/26 269/707/26 271/708/26
f 231/617/25 239/640/25 272/709/25 270/710/25
f 274/711/25 276/712/25 280/713/25 278/714/25
f 270/710/25 272/709/25 276/712/25 274/711/25
f 272/639/30 271/638/30 275/715/30 276/716/30
f 271/708/26 269/707/26 273/717/26 275/718/26
f 277/719/27 278/720/27 280/721/27 279/722/27
f 276/716/30 275/715/30 279/722/30 280/721/30
f 275/718/26 273/717/26 277/723/26 279/724/26
f 278/720/27 277/719/27 283/725/27 284/726/27
f 283/727/26 281/728/26 285/729/26 287/730/26
f 277/723/26 273/717/26 281/728/26 283/727/26
f 274/711/25 278/714/25 284/731/25 282/732/25
f 273/733/29 274/734/29 282/735/29 281/736/29
f 288/737/27 287/738/27 291/739/27 292/740/27
f 284/726/27 283/725/27 287/738/27 288/737/27
f 282/732/25 284/731/25 288/741/25 286/742/25
f 281/736/29 282/735/29 286/743/29 285/744/29
f 290/745/25 292/746/25 296/747/25 294/748/25
f 286/742/25 288/741/25 292/746/25 290/745/25
f 285/749/29 286/750/29 290/751/29 289/752/29
f 287/730/26 285/729/26 289/753/26 291/754/26
f 293/755/28 294/756/28 296/757/28 295/758/28
f 290/745/25 294/748/25 300/759/25 298/760/25
f 291/754/26 289/753/26 293/761/26 295/762/26
f 292/740/27 291/739/27 295/763/27 296/764/27
f 298/760/25 300/759/25 304/765/25 302/766/25
f 289/767/30 290/768/30 298/769/30 297/770/30
f 293/761/26 289/753/26 297/771/26 299/772/26
f 294/756/28 293/755/28 299/773/28 300/774/28
f 302/766/25 304/765/25 308/775/25 306/776/25
f 297/770/30 298/769/30 302/777/30 301/778/30
f 299/772/26 297/771/26 301/779/26 303/780/26
f 300/774/28 299/773/28 303/781/28 304/782/28
f 307/783/26 305/784/26 309/785/26 311/786/26
f 301/778/30 302/777/30 306/787/30 305/788/30
f 303/780/26 301/779/26 305/784/26 307/783/26
f 304/789/28 303/790/28 307/791/28 308/792/28
f 309/793/29 310/794/29 312/795/29 311/796/29
f 308/792/28 307/791/28 311/797/28 312/798/28
f 306/776/25 308/775/25 312/799/25 310/800/25
f 309/785/26 305/784/26 313/801/26 315/802/26
f 313/803/31 314/804/31 318/805/31 317/806/31
f 310/794/29 309/793/29 315/807/29 316/808/29
f 306/776/25 310/800/25 316/809/25 314/810/25
f 305/811/27 306/812/27 314/804/27 313/803/27
f 318/813/25 320/814/25 324/815/25 322/816/25
f 314/810/25 316/809/25 320/814/25 318/813/25
f 316/808/32 315/807/32 319/817/32 320/818/32
f 315/802/26 313/801/26 317/819/26 319/820/26
f 323/821/26 321/822/26 325/823/26 327/824/26
f 320/818/29 319/817/29 323/825/29 324/826/29
f 319/820/26 317/819/26 321/822/26 323/821/26
f 317/806/27 318/805/27 322/827/27 321/828/27
f 325/829/30 326/830/30 328/831/30 327/832/30
f 321/833/28 322/834/28 330/835/28 329/836/28
f 322/816/25 324/815/25 328/837/25 326/838/25
f 324/826/29 323/825/29 327/839/29 328/840/29
f 329/841/27 330/842/27 332/843/27 331/844/27
f 322/816/25 326/838/25 332/845/25 330/846/25
f 325/823/26 321/822/26 329/847/26 331/848/26
f 326/830/30 325/829/30 331/844/30 332/843/30
o Cube.025_Cube.013
v 18261.769531 -2110.463135 13816.772461
v 18261.769531 96.609436 13816.772461
v 18261.769531 -2110.463135 12313.778320
v 18261.769531 96.609436 12313.778320
v 19764.765625 -2110.463135 13816.772461
v 19764.765625 96.609436 13816.772461
v 19764.765625 -2110.463135 12313.778320
v 19764.765625 96.609436 12313.778320
v 18261.769531 -2110.463135 19957.996094
v 18261.769531 96.609436 19957.996094
v 19764.765625 96.609436 19957.996094
v 19764.765625 -2110.463135 19957.996094
vt 0.682029 0.401691
vt 0.682029 0.598309
vt 0.878647 0.598309
vt 0.878647 0.401691
vt 0.401691 0.401691
vt 0.401691 0.598309
vt 0.598309 0.598309
vt 0.598309 0.401691
vt 0.878647 0.401691
vt 0.878647 0.598309
vt 0.682029 0.598309
vt 0.682029 0.401691
vt 0.598309 0.682029
vt 0.401691 0.682029
vt 0.401691 -0.121353
vt 0.598309 -0.121353
vt 0.401691 0.878647
vt 0.598309 0.878647
vt 0.598309 0.682029
vt 0.401691 0.682029
vt 0.598309 0.878647
vt 0.401691 0.878647
vt 0.598309 0.401691
vt 0.598309 0.598309
vt 0.401691 0.598309
vt 0.401691 0.401691
vt -0.121353 0.598309
vt -0.121353 0.401691
vt -0.121353 0.401691
vt -0.121353 0.598309
vt 0.598309 -0.121353
vt 0.401691 -0.121353
vn -1.0000 0.0000 0.0000
vn 0.0000 0.0000 -1.0000
vn 1.0000 0.0000 0.0000
vn 0.0000 1.0000 0.0000
vn 0.0000 -1.0000 0.0000
vn 0.0000 0.0000 1.0000
usemtl Matériau.003
s off
f 333/849/33 334/850/33 336/851/33 335/852/33
f 335/853/34 336/854/34 340/855/34 339/856/34
f 339/857/35 340/858/35 338/859/35 337/860/35
f 338/861/36 334/862/36 342/863/36 343/864/36
f 335/865/37 339/866/37 337/867/37 333/868/37
f 340/869/36 336/870/36 334/862/36 338/861/36
f 344/871/38 343/872/38 342/873/38 341/874/38
f 337/860/35 338/859/35 343/875/35 344/876/35
f 334/850/33 333/849/33 341/877/33 342/878/33
f 333/868/37 337/867/37 344/879/37 341/880/37
o Cube.026
v 18261.769531 -2110.463135 4102.582031
v 18261.769531 96.609436 4102.582031
v 18261.769531 -2110.463135 2599.587891
v 18261.769531 96.609436 2599.587891
v 19764.765625 -2110.463135 4102.582031
v 19764.765625 96.609436 4102.582031
v 19764.765625 -2110.463135 2599.587891
v 19764.765625 96.609436 2599.587891
v 18261.769531 -2110.463135 10243.804688
v 18261.769531 96.609436 10243.804688
v 19764.765625 96.609436 10243.804688
v 19764.765625 -2110.463135 10243.804688
vt 0.682029 0.401691
vt 0.682029 0.598309
vt 0.878647 0.598309
vt 0.878647 0.401691
vt 0.401691 0.401691
vt 0.401691 0.598309
vt 0.598309 0.598309
vt 0.598309 0.401691
vt 0.878647 0.401691
vt 0.878647 0.598309
vt 0.682029 0.598309
vt 0.682029 0.401691
vt 0.598309 0.682029
vt 0.401691 0.682029
vt 0.401691 -0.121353
vt 0.598309 -0.121353
vt 0.401691 0.878647
vt 0.598309 0.878647
vt 0.598309 0.682029
vt 0.401691 0.682029
vt 0.598309 0.878647
vt 0.401691 0.878647
vt 0.598309 0.401691
vt 0.598309 0.598309
vt 0.401691 0.598309
vt 0.401691 0.401691
vt -0.121353 0.598309
vt -0.121353 0.401691
vt -0.121353 0.401691
vt -0.121353 0.598309
vt 0.598309 -0.121353
vt 0.401691 -0.121353
vn -1.0000 0.0000 0.0000
vn 0.0000 0.0000 -1.0000
vn 1.0000 0.0000 0.0000
vn 0.0000 1.0000 0.0000
vn 0.0000 -1.0000 0.0000
vn 0.0000 0.0000 1.0000
usemtl Matériau.003
s off
f 345/881/39 346/882/39 348/883/39 347/884/39
f 347/885/40 348/886/40 352/887/40 351/888/40
f 351/889/41 352/890/41 350/891/41 349/892/41
f 350/893/42 346/894/42 354/895/42 355/896/42
f 347/897/43 351/898/43 349/899/43 345/900/43
f 352/901/42 348/902/42 346/894/42 350/893/42
f 356/903/44 355/904/44 354/905/44 353/906/44
f 349/892/41 350/891/41 355/907/41 356/908/41
f 346/882/39 345/881/39 353/909/39 354/910/39
f 345/900/43 349/899/43 356/911/43 353/912/43
o Cube.027
v 12858.398438 -2110.463135 10226.973633
v 12858.398438 96.609436 10226.973633
v 12858.398438 -2110.463135 8723.979492
v 12858.398438 96.609436 8723.979492
v 14361.392578 -2110.463135 10226.973633
v 14361.392578 96.609436 10226.973633
v 14361.392578 -2110.463135 8723.979492
v 14361.392578 96.609436 8723.979492
v 12858.398438 -2110.463135 16368.197266
v 12858.398438 96.609436 16368.197266
v 14361.392578 96.609436 16368.197266
v 14361.392578 -2110.463135 16368.197266
vt 0.682029 0.401691
vt 0.682029 0.598309
vt 0.878647 0.598309
vt 0.878647 0.401691
vt 0.401691 0.401691
vt 0.401691 0.598309
vt 0.598309 0.598309
vt 0.598309 0.401691
vt 0.878647 0.401691
vt 0.878647 0.598309
vt 0.682029 0.598309
vt 0.682029 0.401691
vt 0.598309 0.682029
vt 0.401691 0.682029
vt 0.401691 -0.121353
vt 0.598309 -0.121353
vt 0.401691 0.878647
vt 0.598309 0.878647
vt 0.598309 0.682029
vt 0.401691 0.682029
vt 0.598309 0.878647
vt 0.401691 0.878647
vt 0.598309 0.401691
vt 0.598309 0.598309
vt 0.401691 0.598309
vt 0.401691 0.401691
vt -0.121353 0.598309
vt -0.121353 0.401691
vt -0.121353 0.401691
vt -0.121353 0.598309
vt 0.598309 -0.121353
vt 0.401691 -0.121353
vn -1.0000 0.0000 0.0000
vn 0.0000 0.0000 -1.0000
vn 1.0000 0.0000 0.0000
vn 0.0000 1.0000 0.0000
vn 0.0000 -1.0000 0.0000
vn 0.0000 0.0000 1.0000
usemtl Matériau.003
s off
f 357/913/45 358/914/45 360/915/45 359/916/45
f 359/917/46 360/918/46 364/919/46 363/920/46
f 363/921/47 364/922/47 362/923/47 361/924/47
f 362/925/48 358/926/48 366/927/48 367/928/48
f 359/929/49 363/930/49 361/931/49 357/932/49
f 364/933/48 360/934/48 358/926/48 362/925/48
f 368/935/50 367/936/50 366/937/50 365/938/50
f 361/924/47 362/923/47 367/939/47 368/940/47
f 358/914/45 357/913/45 365/941/45 366/942/45
f 357/932/49 361/931/49 368/943/49 365/944/49
o Cube.028
v 687.976501 -2110.463135 10226.973633
v 687.976501 96.609436 10226.973633
v 687.976501 -2110.463135 8723.979492
v 687.976501 96.609436 8723.979492
v 2190.970703 -2110.463135 10226.973633
v 2190.970703 96.609436 10226.973633
v 2190.970703 -2110.463135 8723.979492
v 2190.970703 96.609436 8723.979492
v 687.976501 -2110.463135 16368.197266
v 687.976501 96.609436 16368.197266
v 2190.970703 96.609436 16368.197266
v 2190.970703 -2110.463135 16368.197266
vt 0.682029 0.401691
vt 0.682029 0.598309
vt 0.878647 0.598309
vt 0.878647 0.401691
vt 0.401691 0.401691
vt 0.401691 0.598309
vt 0.598309 0.598309
vt 0.598309 0.401691
vt 0.878647 0.401691
vt 0.878647 0.598309
vt 0.682029 0.598309
vt 0.682029 0.401691
vt 0.598309 0.682029
vt 0.401691 0.682029
vt 0.401691 -0.121353
vt 0.598309 -0.121353
vt 0.401691 0.878647
vt 0.598309 0.878647
vt 0.598309 0.682029
vt 0.401691 0.682029
vt 0.598309 0.878647
vt 0.401691 0.878647
vt 0.598309 0.401691
vt 0.598309 0.598309
vt 0.401691 0.598309
vt 0.401691 0.401691
vt -0.121353 0.598309
vt -0.121353 0.401691
vt -0.121353 0.401691
vt -0.121353 0.598309
vt 0.598309 -0.121353
vt 0.401691 -0.121353
vn -1.0000 0.0000 0.0000
vn 0.0000 0.0000 -1.0000
vn 1.0000 0.0000 0.0000
vn 0.0000 1.0000 0.0000
vn 0.0000 -1.0000 0.0000
vn 0.0000 0.0000 1.0000
usemtl Matériau.003
s off
f 369/945/51 370/946/51 372/947/51 371/948/51
f 371/949/52 372/950/52 376/951/52 375/952/52
f 375/953/53 376/954/53 374/955/53 373/956/53
f 374/957/54 370/958/54 378/959/54 379/960/54
f 371/961/55 375/962/55 373/963/55 369/964/55
f 376/965/54 372/966/54 370/958/54 374/957/54
f 380/967/56 379/968/56 378/969/56 377/970/56
f 373/956/53 374/955/53 379/971/53 380/972/53
f 370/946/51 369/945/51 377/973/51 378/974/51
f 369/964/55 373/963/55 380/975/55 377/976/55
o Cube.029
v -10813.958008 -2110.463135 10226.973633
v -10813.958008 96.609436 10226.973633
v -10813.958008 -2110.463135 8723.979492
v -10813.958008 96.609436 8723.979492
v -9310.963867 -2110.463135 10226.973633
v -9310.963867 96.609436 10226.973633
v -9310.963867 -2110.463135 8723.979492
v -9310.963867 96.609436 8723.979492
v -10813.958008 -2110.463135 16368.197266
v -10813.958008 96.609436 16368.197266
v -9310.963867 96.609436 16368.197266
v -9310.963867 -2110.463135 16368.197266
vt 0.682029 0.401691
vt 0.682029 0.598309
vt 0.878647 0.598309
vt 0.878647 0.401691
vt 0.401691 0.401691
vt 0.401691 0.598309
vt 0.598309 0.598309
vt 0.598309 0.401691
vt 0.878647 0.401691
vt 0.878647 0.598309
vt 0.682029 0.598309
vt 0.682029 0.401691
vt 0.598309 0.682029
vt 0.401691 0.682029
vt 0.401691 -0.121353
vt 0.598309 -0.121353
vt 0.401691 0.878647
vt 0.598309 0.878647
vt 0.598309 0.682029
vt 0.401691 0.682029
vt 0.598309 0.878647
vt 0.401691 0.878647
vt 0.598309 0.401691
vt 0.598309 0.598309
vt 0.401691 0.598309
vt 0.401691 0.401691
vt -0.121353 0.598309
vt -0.121353 0.401691
vt -0.121353 0.401691
vt -0.121353 0.598309
vt 0.598309 -0.121353
vt 0.401691 -0.121353
vn -1.0000 0.0000 0.0000
vn 0.0000 0.0000 -1.0000
vn 1.0000 0.0000 0.0000
vn 0.0000 1.0000 0.0000
vn 0.0000 -1.0000 0.0000
vn 0.0000 0.0000 1.0000
usemtl Matériau.003
s off
f 381/977/57 382/978/57 384/979/57 383/980/57
f 383/981/58 384/982/58 388/983/58 387/984/58
f 387/985/59 388/986/59 386/987/59 385/988/59
f 386/989/60 382/990/60 390/991/60 391/992/60
f 383/993/61 387/994/61 385/995/61 381/996/61
f 388/997/60 384/998/60 382/990/60 386/989/60
f 392/999/62 391/1000/62 390/1001/62 389/1002/62
f 385/988/59 386/987/59 391/1003/59 392/1004/59
f 382/978/57 381/977/57 389/1005/57 390/1006/57
f 381/996/61 385/995/61 392/1007/61 389/1008/61
o Cube.009_Cube.008
v -518.815247 -1439.104858 -118.891808
v -518.815247 -1349.430786 -118.891808
v -518.815247 -1439.104858 -208.565826
v -518.815247 -1349.430786 -208.565826
v -429.141235 -1439.104858 -118.891808
v -429.141235 -1349.430786 -118.891808
v -429.141235 -1439.104858 -208.565826
v -429.141235 -1349.430786 -208.565826
v -518.815247 -1180.464478 -118.891808
v -518.815247 -1180.464478 -208.565826
v -429.141235 -1180.464478 -208.565826
v -429.141235 -1180.464478 -118.891808
v -518.815247 -1439.104858 251.130188
v -518.815247 -1349.430786 251.130188
v -429.141235 -1349.430786 251.130188
v -429.141235 -1439.104858 251.130188
v -715.318237 -1439.104858 -208.565826
v -715.318237 -1439.104858 -118.891808
v -715.318237 -1349.430786 -118.891808
v -715.318237 -1349.430786 -208.565826
v -715.318237 -1180.464478 -118.891808
v -715.318237 -1180.464478 -208.565826
v -842.195312 -1439.104858 -208.565826
v -842.195312 -1439.104858 -118.891808
v -842.195312 -1349.430786 -208.565826
v -842.195312 -1180.464478 -118.891808
v -842.195312 -1180.464478 -208.565826
v -715.318237 -1439.104858 270.255341
v -715.318237 -1349.430786 270.255341
v -715.318237 -1180.464478 270.255341
v -842.195312 -1439.104858 270.255341
v -842.195312 -1180.464478 270.255341
v -715.318237 -1439.104858 572.353149
v -715.318237 -1349.430786 572.353149
v -715.318237 -1180.464478 572.353149
v -842.195312 -1439.104858 572.353149
v -842.195312 -1349.430786 572.353149
v -842.195312 -1180.464478 572.353149
v -715.318237 -1439.104858 615.813232
v -715.318237 -1349.430786 615.813232
v -715.318237 -1180.464478 615.813232
v -842.195312 -1439.104858 615.813232
v -842.195312 -1349.430786 615.813232
v -842.195312 -1180.464478 615.813232
v -439.307068 -1439.104858 572.353149
v -439.307068 -1349.430786 572.353149
v -439.307068 -1180.464478 572.353149
v -439.307068 -1439.104858 615.813232
v -439.307068 -1349.430786 615.813232
v -439.307068 -1180.464478 615.813232
v -518.815247 -1349.430786 -424.788788
v -518.815247 -1439.104858 -424.788788
v -429.141235 -1439.104858 -424.788788
v -429.141235 -1349.430786 -424.788788
v -518.815247 -1180.464478 -424.788788
v -429.141235 -1180.464478 -424.788788
v -518.815247 -1349.430786 -505.783569
v -518.815247 -1439.104858 -505.783569
v -429.141235 -1439.104858 -505.783569
v -429.141235 -1349.430786 -505.783569
v -518.815247 -1180.464478 -505.783569
v -429.141235 -1180.464478 -505.783569
v -842.195312 -1075.161255 -118.891808
v -715.318237 -1075.161255 -118.891808
v -842.195312 -1075.161255 270.255341
v -715.318237 -1075.161255 270.255341
v -518.815247 -1349.430786 -610.009033
v -518.815247 -1439.104858 -610.009033
v -429.141235 -1439.104858 -610.009033
v -429.141235 -1349.430786 -610.009033
v -518.815247 -1180.464478 -610.009033
v -429.141235 -1180.464478 -610.009033
v -518.815247 -1349.430786 -700.148560
v -518.815247 -1439.104858 -700.148560
v -429.141235 -1439.104858 -700.148560
v -429.141235 -1349.430786 -700.148560
v -518.815247 -1180.464478 -700.148560
v -429.141235 -1180.464478 -700.148560
v -518.815247 -1091.583740 -505.783569
v -429.141235 -1091.583740 -505.783569
v -518.815247 -1091.583740 -610.009033
v -429.141235 -1091.583740 -610.009033
v -518.815247 -1091.583740 -700.148560
v -429.141235 -1091.583740 -700.148560
v -539.600281 -1180.464478 572.353149
v -539.600281 -1349.430786 572.353149
v -539.600281 -1439.104858 615.813232
v -539.600281 -1349.430786 615.813232
v -539.600281 -1439.104858 572.353149
v -539.600281 -1180.464478 615.813232
v -439.307068 -1439.104858 1124.284668
v -439.307068 -1349.430786 1124.284668
v -439.307068 -1180.464478 1124.284668
v -539.600281 -1439.104858 1124.284668
v -539.600281 -1349.430786 1124.284668
v -539.600281 -1180.464478 1124.284668
v -842.195312 -399.892517 270.255341
v -715.318237 -399.892517 270.255341
v -842.195312 -399.892517 572.353149
v -715.318237 -399.892517 572.353149
v -842.195312 -416.829346 -118.891808
v -715.318237 -416.829346 -118.891808
v -842.195312 -416.829346 270.255341
v -715.318237 -416.829346 270.255341
v -1513.731079 -1439.104858 -208.565826
v -1513.731079 -1439.104858 -118.891808
v -1513.731079 -1349.430786 -118.891808
v -1513.731079 -1349.430786 -208.565826
v -1513.731079 -1180.464478 -118.891808
v -1513.731079 -1180.464478 -208.565826
v -1513.731079 -1349.430786 270.255341
v -1513.731079 -1439.104858 270.255341
v -1513.731079 -1180.464478 270.255341
v -1513.731079 -1180.464478 572.353149
v -1513.731079 -1439.104858 572.353149
v -1513.731079 -1349.430786 572.353149
v -1513.731079 -1075.161255 270.255341
v -1513.731079 -1075.161255 -118.891808
v -1513.731079 -399.892517 270.255341
v -1513.731079 -399.892517 572.353149
v -1513.731079 -416.829346 270.255341
v -1513.731079 -416.829346 -118.891808
v -842.195312 -1075.161255 -1057.336182
v -1513.731079 -1075.161255 -1057.336182
v -842.195312 -1349.430786 -1147.010254
v -842.195312 -1439.104858 -1147.010254
v -842.195312 -1180.464478 -1147.010254
v -1513.731079 -1439.104858 -1147.010254
v -842.195312 -1467.598022 -4574.934570
v -1513.731079 -416.829346 -1057.336182
v -842.195312 -1180.464478 -1057.336182
v -1513.731079 -1349.430786 -1147.010254
v -1513.731079 -1180.464478 -1147.010254
v -1513.731079 -1180.464478 -1057.336182
v -842.195312 -1075.161255 -4574.934570
v -1513.731079 -1075.161255 -4574.934570
v -842.195312 -1349.430786 -4664.608398
v -842.195312 -1439.104858 -4664.608398
v -842.195312 -1180.464478 -4664.608398
v -1513.731079 -1439.104858 -4664.608398
v -398.541138 -1467.598022 -4574.934570
v -1513.731079 -416.829346 -4574.934570
v -842.195312 -1180.464478 -4574.934570
v -1513.731079 -1349.430786 -4664.608398
v -1513.731079 -1180.464478 -4664.608398
v -1513.731079 -1180.464478 -4574.934570
v -842.195312 -1075.161255 -4962.343262
v -1513.731079 -1075.161255 -4962.343262
v -842.195312 -1349.430786 -5052.017090
v -842.195312 -1439.104858 -5052.017090
v -842.195312 -1180.464478 -5052.017090
v -1513.731079 -1439.104858 -5052.017090
v -842.195312 -416.829346 -4962.343262
v -1513.731079 -416.829346 -4962.343262
v -842.195312 -1180.464478 -4962.343262
v -1513.731079 -1349.430786 -5052.017090
v -1513.731079 -1180.464478 -5052.017090
v -1513.731079 -1180.464478 -4962.343262
v -2606.553955 -1439.104858 270.255341
v -2606.553955 -1349.430786 270.255341
v -2606.553955 -1180.464478 270.255341
v -2606.553955 -1180.464478 572.353149
v -2606.553955 -1439.104858 572.353149
v -2606.553955 -1349.430786 572.353149
v -2606.553955 -399.892517 270.255341
v -2606.553955 -399.892517 572.353149
v -5749.998047 -1439.104858 270.255341
v -5749.998047 -1349.430786 270.255341
v -5749.998047 -1180.464478 270.255341
v -5749.998047 -1180.464478 572.353149
v -5749.998047 -1439.104858 572.353149
v -5749.998047 -1349.430786 572.353149
v -5749.998047 -399.892517 270.255341
v -5749.998047 -399.892517 572.353149
v -5520.505371 -399.892517 270.255341
v -5520.505371 -1180.464478 270.255341
v -5520.505371 -399.892517 572.353149
v -5520.505371 -1439.104858 572.353149
v -5520.505371 -1439.104858 270.255341
v -5520.505371 -1349.430786 572.353149
v -5520.505371 -1349.430786 270.255341
v -5520.505371 -1180.464478 572.353149
v -5749.998047 -1349.430786 1411.752197
v -5749.998047 -1180.464478 1411.752197
v -5749.998047 -399.892517 1411.752197
v -5520.505371 -1349.430786 1411.752197
v -5520.505371 -399.892517 1411.752197
v -5520.505371 -1180.464478 1411.752197
v -5749.998047 -1349.430786 5167.086426
v -5749.998047 -1180.464478 5167.086426
v -5749.998047 -399.892517 5167.086426
v -5520.505371 -1349.430786 5167.086426
v -5520.505371 -399.892517 5167.086426
v -5520.505371 -1180.464478 5167.086426
v -5749.998047 -1349.430786 5682.731934
v -5749.998047 -1180.464478 5682.731934
v -5749.998047 -399.892517 5682.731934
v -5520.505371 -1349.430786 5682.731934
v -5520.505371 -399.892517 5682.731934
v -5520.505371 -1180.464478 5682.731934
v -199.695679 -1349.430786 5167.086426
v -199.695679 -1349.430786 5682.731934
v -199.695679 -1180.464478 5167.086426
v -199.695679 -399.892517 5167.086426
v -199.695679 -1180.464478 5682.731934
v -199.695679 -399.892517 5682.731934
v 3806.083740 -1349.430786 5167.086426
v 3806.083740 -1349.430786 5682.731934
v 3806.083740 -1180.464478 5167.086426
v 3806.083740 -399.892517 5167.086426
v 3806.083740 -1180.464478 5682.731934
v 3806.083740 -399.892517 5682.731934
v 4363.512695 -1349.430786 5167.086426
v 4363.512695 -1349.430786 5682.731934
v 4363.512695 -1180.464478 5167.086426
v 4363.512695 -399.892517 5167.086426
v 4363.512695 -1180.464478 5682.731934
v 4363.512695 -399.892517 5682.731934
v 3806.083740 -1180.464478 4810.059570
v 3806.083740 -1349.430786 4810.059570
v 3806.083740 -399.892517 4810.059570
v 4363.512695 -1180.464478 4810.059570
v 4363.512695 -1349.430786 4810.059570
v 4363.512695 -399.892517 4810.059570
v 3806.083740 -1180.464478 2886.843018
v 3806.083740 -1349.430786 2886.843018
v 3806.083740 -399.892517 2886.843018
v 4363.512695 -1180.464478 2886.843018
v 4363.512695 -1349.430786 2886.843018
v 4363.512695 -399.892517 2886.843018
v -1513.731079 2188.175293 270.255341
v -842.195312 2188.175293 270.255341
v -842.195312 2188.175293 572.353149
v -1513.731079 2188.175293 572.353149
v -5520.505371 2188.175293 270.255341
v -2606.553955 2188.175293 270.255341
v -2606.553955 2188.175293 572.353149
v -5520.505371 2188.175293 572.353149
v -1513.731079 409.759399 270.255341
v -842.195312 409.759399 270.255341
v -842.195312 409.759399 -118.891808
v -1513.731079 409.759399 -118.891808
v -1513.731079 409.759399 -1057.336182
v -842.195312 409.759399 -1057.336182
v -842.195312 409.759399 -4574.934570
v -1513.731079 409.759399 -4574.934570
v -842.195312 409.759399 -4962.343262
v -1513.731079 409.759399 -4962.343262
v -398.541138 -416.829346 270.255341
v -398.541138 -416.829346 -118.891808
v -398.541138 -1075.161255 -118.891808
v -398.541138 409.759399 -1057.336182
v -398.541138 -416.829346 -1057.336182
v -398.541138 -1075.161255 -1057.336182
v -398.541138 -1075.161255 -4962.343262
v -398.541138 -1075.161255 -4574.934570
v -398.541138 -416.829346 -4574.934570
v -398.541138 409.759399 -4574.934570
v -398.541138 -416.829346 -4962.343262
v -398.541138 409.759399 270.255341
v -398.541138 409.759399 -118.891808
v -398.541138 409.759399 -4962.343262
v -842.195312 -1467.598022 -1057.336182
v -842.195312 -1467.598022 -118.891808
v -398.541138 -1467.598022 -118.891808
v -398.541138 -1467.598022 -1057.336182
v -439.307068 -1439.104858 1868.274902
v -439.307068 -1349.430786 1868.274902
v -439.307068 -1180.464478 1868.274902
v -539.600281 -1439.104858 1868.274902
v -539.600281 -1349.430786 1868.274902
v -539.600281 -1180.464478 1868.274902
v -439.307068 -1439.104858 4040.879639
v -439.307068 -1349.430786 4040.879639
v -439.307068 -1180.464478 4040.879639
v -539.600281 -1439.104858 4040.879639
v -539.600281 -1349.430786 4040.879639
v -539.600281 -1180.464478 4040.879639
v -439.307068 1041.421387 1868.274902
v -539.600281 1041.421387 1868.274902
v -439.307068 1041.421387 4040.879639
v -539.600281 1041.421387 4040.879639
v -842.195312 -415.065063 572.353149
v -715.318237 -415.065063 572.353149
v -842.195312 -415.065063 615.813232
v -715.318237 -415.065063 615.813232
v -539.600281 -415.065063 572.353149
v -439.307068 -415.065063 572.353149
v -439.307068 -415.065063 615.813232
v -842.195312 306.015991 572.353149
v -715.318237 306.015991 572.353149
v -842.195312 306.015991 615.813232
v -715.318237 306.015991 615.813232
v -539.600281 306.015991 572.353149
v -439.307068 306.015991 572.353149
v -439.307068 306.015991 615.813232
v -539.600281 306.015991 615.813232
v -539.600281 -1180.464478 710.442261
v -715.318237 -1180.464478 710.442261
v -439.307068 -1180.464478 710.442261
v -539.600281 -415.065063 710.442261
v -715.318237 -415.065063 710.442261
v -439.307068 -415.065063 710.442261
v -539.600281 306.015991 710.442261
v -715.318237 306.015991 710.442261
v -439.307068 306.015991 710.442261
vt 0.019386 0.019386
vt 0.980614 0.019386
vt 0.980614 0.980614
vt 0.019386 0.980614
vt 0.019386 0.019386
vt 0.980614 0.019386
vt 0.980614 0.980614
vt 0.019386 0.980614
vt 0.019386 0.019386
vt 0.980614 0.019386
vt 0.980614 0.980614
vt 0.019386 0.980614
vt 0.019386 0.019386
vt 0.980614 0.019386
vt 0.980614 0.980614
vt 0.019386 0.980614
vt 0.019386 0.019386
vt 0.980614 0.019386
vt 0.980614 0.980614
vt 0.019386 0.980614
vt 0.019386 0.019386
vt 0.980614 0.980614
vt 0.019386 0.980614
vt 0.019386 0.019386
vt 0.980614 0.980614
vt 0.980614 0.019386
vt 0.980614 0.980614
vt 0.019386 0.980614
vt 0.980614 0.019386
vt 0.980614 0.980614
vt 0.019386 0.980614
vt 0.980614 0.019386
vt 0.980614 0.980614
vt 0.019386 0.980614
vt 0.019386 0.019386
vt 0.980614 0.019386
vt 0.980614 0.980614
vt 0.019386 0.980614
vt 0.980614 0.019386
vt 0.980614 0.980614
vt 0.019386 0.980614
vt 0.019386 0.019386
vt 0.980614 0.980614
vt 0.019386 0.980614
vt 0.019386 0.019386
vt 0.980614 0.019386
vt 0.980614 0.980614
vt 0.019386 0.980614
vt 0.019386 0.019386
vt 0.980614 0.019386
vt 0.980614 0.980614
vt 0.019386 0.980614
vt 0.019386 0.019386
vt 0.980614 0.980614
vt 0.019386 0.980614
vt 0.019386 0.019386
vt 0.980614 0.980614
vt 0.019386 0.980614
vt 0.980614 0.980614
vt 0.019386 0.980614
vt 0.980614 0.019386
vt 0.980614 0.980614
vt 0.019386 0.980614
vt 0.019386 0.019386
vt 0.980614 0.019386
vt 0.980614 0.980614
vt 0.019386 0.980614
vt 0.019386 0.019386
vt 0.980614 0.019386
vt 0.980614 0.980614
vt 0.019386 0.980614
vt 0.019386 0.019386
vt 0.980614 0.019386
vt 0.980614 0.980614
vt 0.019386 0.980614
vt 0.019386 0.019386
vt 0.980614 0.019386
vt 0.980614 0.980614
vt 0.019386 0.980614
vt 0.019386 0.019386
vt 0.980614 0.019386
vt 0.980614 0.980614
vt 0.019386 0.980614
vt 0.019386 0.019386
vt 0.980614 0.019386
vt 0.980614 0.980614
vt 0.019386 0.980614
vt 0.019386 0.019386
vt 0.980614 0.019386
vt 0.980614 0.980614
vt 0.019386 0.980614
vt 0.019386 0.019386
vt 0.980614 0.019386
vt 0.980614 0.980614
vt 0.019386 0.980614
vt 0.019386 0.019386
vt 0.980614 0.019386
vt 0.980614 0.980614
vt 0.019386 0.980614
vt 1.031483 0.471323
vt 1.031483 0.715760
vt 0.468517 0.715760
vt 0.468517 0.471323
vt 1.031483 0.341594
vt 0.468517 0.341594
vt 0.019386 0.019386
vt 0.980614 0.980614
vt 0.019386 0.980614
vt 0.980614 0.019386
vt 0.980614 0.980614
vt 0.019386 0.980614
vt 0.019386 0.019386
vt 0.980614 0.019386
vt 0.980614 0.980614
vt 0.019386 0.980614
vt 0.031483 0.471323
vt 0.031483 0.341594
vt 0.980614 0.019386
vt 0.980614 0.980614
vt 0.019386 0.980614
vt 0.980614 0.019386
vt 0.980614 0.980614
vt 0.019386 0.980614
vt 0.031483 0.715760
vt 0.019386 0.019386
vt 0.980614 0.019386
vt 0.980614 0.980614
vt 0.019386 0.980614
vt 0.019386 0.019386
vt 0.980614 0.019386
vt 0.019386 0.019386
vt 0.980614 0.019386
vt 0.980614 0.980614
vt 0.019386 0.980614
vt 0.980614 0.980614
vt 0.980614 0.019386
vt 0.980614 0.019386
vt 0.980614 0.980614
vt 0.019386 0.019386
vt 0.980614 0.980614
vt 0.019386 0.019386
vt 0.019386 0.980614
vt 0.019386 0.019386
vt 0.980614 0.019386
vt 0.980614 0.980614
vt 0.019386 0.980614
vt 0.019386 0.019386
vt 0.980614 0.019386
vt 0.980614 0.980614
vt 0.019386 0.980614
vt 0.019386 0.019386
vt 0.980614 0.019386
vt 0.980614 0.980614
vt 0.019386 0.019386
vt 0.980614 0.019386
vt 0.980614 0.980614
vt 0.019386 0.980614
vt 0.980614 0.019386
vt 0.980614 0.980614
vt 0.019386 0.019386
vt 0.980614 0.019386
vt 0.980614 0.980614
vt 0.019386 0.980614
vt 0.019386 0.019386
vt 0.980614 0.019386
vt 0.980614 0.980614
vt 0.019386 0.980614
vt 0.019386 0.019386
vt 0.980614 0.019386
vt 0.980614 0.980614
vt 0.019386 0.980614
vt 0.019386 0.019386
vt 0.980614 0.980614
vt 0.019386 0.980614
vt 0.980614 0.980614
vt 0.019386 0.980614
vt 0.980614 0.019386
vt 0.980614 0.980614
vt 0.019386 0.980614
vt 0.980614 0.980614
vt 0.019386 0.980614
vt 0.019386 0.019386
vt 0.980614 0.019386
vt 0.980614 0.980614
vt 0.019386 0.980614
vt 0.019386 0.019386
vt 0.980614 0.019386
vt 0.980614 0.980614
vt 0.019386 0.980614
vt 0.019386 0.019386
vt 0.980614 0.019386
vt 0.980614 0.980614
vt 0.019386 0.980614
vt 0.019386 0.019386
vt 0.980614 0.019386
vt 0.980614 0.980614
vt 0.019386 0.980614
vt 0.019386 0.019386
vt 0.980614 0.019386
vt 0.980614 0.980614
vt 0.019386 0.980614
vt 0.019386 0.019386
vt 0.980614 0.019386
vt 0.980614 0.980614
vt 0.019386 0.980614
vt 0.019386 0.019386
vt 0.980614 0.019386
vt 0.980614 0.980614
vt 0.019386 0.980614
vt 0.019386 0.019386
vt 0.980614 0.019386
vt 0.980614 0.980614
vt 0.019386 0.980614
vt 0.980614 0.980614
vt 0.019386 0.980614
vt 0.019386 0.019386
vt 0.980614 0.019386
vt 0.980614 0.980614
vt 0.019386 0.980614
vt 0.019386 0.019386
vt 0.980614 0.019386
vt 0.980614 0.980614
vt 0.019386 0.980614
vt 0.019386 0.019386
vt 0.980614 0.019386
vt 0.980614 0.980614
vt 0.019386 0.980614
vt 0.019386 0.019386
vt 0.980614 0.019386
vt 0.980614 0.980614
vt 0.019386 0.980614
vt 0.019386 0.019386
vt 0.980614 0.019386
vt 0.980614 0.980614
vt 0.019386 0.980614
vt 0.019386 0.019386
vt 0.980614 0.019386
vt 0.980614 0.980614
vt 0.019386 0.980614
vt 0.980614 0.019386
vt 0.980614 0.980614
vt 0.019386 0.980614
vt 0.019386 0.019386
vt 0.980614 0.019386
vt 0.019386 0.980614
vt 0.019386 0.019386
vt 0.980614 0.980614
vt 0.019386 0.019386
vt 0.980614 0.019386
vt 0.980614 0.980614
vt 0.019386 0.980614
vt 0.019386 0.019386
vt 0.980614 0.019386
vt 0.980614 0.980614
vt 0.019386 0.019386
vt 0.980614 0.019386
vt 0.019386 0.980614
vt 0.019386 0.019386
vt 0.980614 0.980614
vt 0.019386 0.980614
vt 0.019386 0.019386
vt 0.980614 0.019386
vt 0.019386 0.019386
vt 0.980614 0.019386
vt 0.980614 0.980614
vt 0.019386 0.980614
vt 0.019386 0.019386
vt 0.980614 0.019386
vt 0.980614 0.980614
vt 0.019386 0.980614
vt 0.019386 0.019386
vt 0.980614 0.980614
vt 0.980614 0.019386
vt 0.019386 0.980614
vt 0.019386 0.019386
vt 0.980614 0.019386
vt 0.980614 0.980614
vt 0.019386 0.980614
vt 0.019386 0.019386
vt 0.980614 0.019386
vt 0.980614 0.980614
vt 0.019386 0.980614
vt 0.980614 0.980614
vt 0.980614 0.019386
vt 0.980614 0.019386
vt 0.980614 0.980614
vt 0.019386 0.019386
vt 0.980614 0.980614
vt 0.019386 0.980614
vt 0.980614 0.980614
vt 0.019386 0.980614
vt 0.019386 0.019386
vt 0.019386 0.980614
vt 0.980614 0.019386
vt 0.980614 0.980614
vt 0.019386 0.980614
vt 0.980614 0.980614
vt 0.019386 0.980614
vt 1.000000 0.473356
vt 1.000000 0.700464
vt 0.000000 0.700464
vt 0.000000 0.473356
vt 0.019386 0.019386
vt 0.980614 0.019386
vt 0.980614 0.980614
vt 0.019386 0.980614
vt 0.980614 0.019386
vt 0.980614 0.980614
vt 0.019386 0.980614
vt 0.019386 0.019386
vt 0.980614 0.019386
vt 0.980614 0.980614
vt 0.019386 0.980614
vt 0.019386 0.019386
vt 0.980614 0.019386
vt 0.980614 0.980614
vt 0.019386 0.980614
vt 0.019386 0.019386
vt 0.980614 0.019386
vt 0.980614 0.980614
vt 0.019386 0.980614
vt 0.980614 0.980614
vt 0.019386 0.980614
vt 0.980614 0.980614
vt 0.019386 0.980614
vt 0.019386 0.019386
vt 0.980614 0.980614
vt 0.019386 0.019386
vt 0.980614 0.019386
vt 0.980614 0.980614
vt 0.019386 0.980614
vt 0.019386 0.019386
vt 0.980614 0.019386
vt 0.980614 0.980614
vt 0.019386 0.019386
vt 0.980614 0.019386
vt 0.980614 0.980614
vt 0.019386 0.980614
vt 0.019386 0.019386
vt 0.019386 0.980614
vt 0.019386 0.980614
vt 0.019386 0.019386
vt 0.019386 0.019386
vt 0.980614 0.019386
vt 0.980614 0.980614
vt 0.019386 0.019386
vt 0.980614 0.980614
vt 0.019386 0.980614
vt 0.019386 0.019386
vt 0.980614 0.019386
vt 0.980614 0.980614
vt 0.019386 0.980614
vt 0.019386 0.019386
vt 0.980614 0.980614
vt 0.019386 0.019386
vt 0.980614 0.019386
vt 0.980614 0.980614
vt 0.019386 0.980614
vt 0.019386 0.019386
vt 0.980614 0.019386
vt 0.980614 0.980614
vt 0.019386 0.980614
vt 0.019386 0.019386
vt 0.980614 0.019386
vt 0.980614 0.980614
vt 0.019386 0.980614
vt 0.980614 0.019386
vt 0.019386 0.980614
vt 0.019386 0.019386
vt 0.980614 0.019386
vt 0.980614 0.980614
vt 0.019386 0.980614
vt 0.980614 0.980614
vt 0.019386 0.980614
vt 0.019386 0.019386
vt 0.980614 0.980614
vt 0.019386 0.980614
vt 0.980614 0.019386
vt 0.019386 0.980614
vt 0.980614 0.019386
vt 0.980614 0.980614
vt 0.019386 0.980614
vt 0.019386 0.019386
vt 0.980614 0.019386
vt 0.980614 0.980614
vt 0.019386 0.980614
vt 0.980614 0.019386
vt 0.019386 0.980614
vt 0.980614 0.019386
vt 0.980614 0.980614
vt 0.019386 0.980614
vt 0.019386 0.019386
vt 0.980614 0.019386
vt 0.980614 0.980614
vt 0.019386 0.980614
vt 0.454217 1.215227
vt 0.454217 0.489229
vt 0.545783 0.489229
vt 0.545783 1.215227
vt 0.019386 0.019386
vt 0.980614 0.019386
vt 0.980614 0.980614
vt 0.019386 0.980614
vt 0.019386 0.019386
vt 0.980614 0.019386
vt 0.980614 0.980614
vt 0.019386 0.980614
vt 0.019386 0.019386
vt 0.980614 0.019386
vt 0.980614 0.980614
vt 0.019386 0.980614
vt 0.980614 0.019386
vt 0.980614 0.980614
vt 0.019386 0.980614
vt 0.980614 0.019386
vt 0.980614 0.980614
vt 0.019386 0.980614
vt 0.980614 0.019386
vt 0.980614 0.980614
vt 0.019386 0.980614
vt 0.980614 0.980614
vt 0.980614 0.019386
vt 0.980614 0.019386
vt 0.980614 0.980614
vt 0.980614 0.019386
vt 0.980614 0.980614
vt 0.019386 0.980614
vt 0.980614 0.980614
vt 0.980614 0.019386
vt 0.980614 0.019386
vt 0.980614 0.980614
vt 0.019386 0.019386
vt 0.980614 0.019386
vt 0.980614 0.980614
vt 0.019386 0.980614
vt 0.288891 1.063262
vt 0.288891 0.436738
vt 0.711109 0.436738
vt 0.711109 1.063262
vt 0.019386 0.019386
vt 0.980614 0.019386
vt 0.980614 0.980614
vt 0.019386 0.980614
vt 0.019386 0.019386
vt 0.980614 0.019386
vt 0.980614 0.980614
vt 0.019386 0.980614
vt 0.019386 0.019386
vt 0.980614 0.019386
vt 0.980614 0.980614
vt 0.019386 0.980614
vt 0.019386 0.019386
vt 0.980614 0.019386
vt 0.980614 0.980614
vt 0.019386 0.980614
vt 0.019386 0.019386
vt 0.019386 0.980614
vt 0.019386 0.019386
vt 0.980614 0.019386
vt 0.980614 0.980614
vt 0.019386 0.980614
vt 0.980614 0.019386
vt 0.980614 0.980614
vt 0.019386 0.019386
vt 0.980614 0.019386
vt 0.980614 0.980614
vt 0.019386 0.980614
vt 0.019386 0.019386
vt 0.980614 0.019386
vt 0.980614 0.980614
vt 0.019386 0.980614
vt 0.019386 0.019386
vt 0.980614 0.019386
vt 0.980614 0.980614
vt 0.019386 0.980614
vt 0.019386 0.019386
vt 0.980614 0.019386
vt 0.980614 0.980614
vt 0.019386 0.980614
vt 0.019386 0.019386
vt 0.980614 0.019386
vt 0.980614 0.980614
vt 0.019386 0.980614
vt 0.019386 0.019386
vt 0.980614 0.019386
vt 0.980614 0.980614
vt 0.019386 0.980614
vt 0.980614 0.019386
vt 0.019386 0.019386
vt 0.980614 0.019386
vt 0.980614 0.980614
vt 0.019386 0.980614
vt 0.019386 0.019386
vt 0.980614 0.019386
vt 0.980614 0.980614
vt 0.019386 0.019386
vt 0.980614 0.019386
vt 0.019386 0.980614
vt 0.019386 0.019386
vt 0.980614 0.019386
vt 0.980614 0.980614
vt 0.019386 0.019386
vt 0.980614 0.019386
vt 0.019386 0.980614
vt 0.019386 0.980614
vt 0.019386 0.019386
vt 0.019386 0.019386
vt 0.980614 0.019386
vt 0.019386 0.980614
vt 0.019386 0.019386
vt 0.980614 0.019386
vt 0.980614 0.980614
vt 0.019386 0.980614
vt 0.019386 0.019386
vt 0.980614 0.019386
vt 0.980614 0.980614
vt 0.019386 0.019386
vt 0.980614 0.019386
vt 0.980614 0.980614
vt 0.019386 0.980614
vt 0.980614 0.019386
vt 0.980614 0.980614
vt 0.019386 0.980614
vt 0.019386 0.019386
vt 0.980614 0.019386
vt 0.980614 0.980614
vt 0.019386 0.980614
vt 0.019386 0.019386
vt 0.980614 0.019386
vt 0.980614 0.980614
vt 0.019386 0.980614
vt 0.019386 0.019386
vt 0.980614 0.019386
vt 0.980614 0.980614
vt 0.019386 0.980614
vt 0.019386 0.019386
vt 0.980614 0.980614
vt 0.019386 0.980614
vt 0.019386 0.019386
vt 0.980614 0.980614
vt 0.019386 0.980614
vt 0.019386 0.019386
vt 0.980614 0.019386
vt 0.980614 0.980614
vt 0.019386 0.980614
vt 0.019386 0.019386
vt 0.980614 0.019386
vt 0.019386 0.980614
vt 0.019386 0.019386
vt 0.980614 0.019386
vt 0.980614 0.980614
vt 0.980614 0.019386
vt 0.980614 0.980614
vt 0.019386 0.980614
vt 0.019386 0.019386
vt 0.980614 0.019386
vt 0.019386 0.980614
vt 0.019386 0.019386
vt 0.980614 0.019386
vt 0.980614 0.980614
vt 0.019386 0.980614
vt 0.019386 0.019386
vt 0.980614 0.019386
vt 0.980614 0.980614
vt 0.019386 0.980614
vt 0.019386 0.019386
vt 0.980614 0.019386
vt 0.980614 0.980614
vt 0.019386 0.980614
vt 0.019386 0.019386
vt 0.980614 0.019386
vt 0.980614 0.980614
vt 0.019386 0.980614
vt 0.019386 0.019386
vt 0.980614 0.019386
vt 0.980614 0.980614
vt 0.019386 0.980614
vt 0.019386 0.019386
vt 0.980614 0.019386
vt 0.980614 0.980614
vt 0.019386 0.980614
vt 0.019386 0.019386
vt 0.980614 0.980614
vt 0.019386 0.980614
vt 0.019386 0.019386
vt 0.980614 0.019386
vt 0.980614 0.980614
vt 0.019386 0.980614
vt 0.019386 0.019386
vt 0.980614 0.019386
vt 0.980614 0.980614
vt 0.019386 0.980614
vt 0.019386 0.019386
vt 0.980614 0.019386
vt 0.980614 0.980614
vt 0.019386 0.980614
vt 0.019386 0.019386
vt 0.980614 0.980614
vt 0.019386 0.980614
vt 0.019386 0.019386
vt 0.980614 0.019386
vt 0.980614 0.980614
vt 0.019386 0.980614
vt 0.019386 0.019386
vt 0.980614 0.019386
vt 0.980614 0.980614
vt 0.019386 0.980614
vt 0.019386 0.019386
vt 0.980614 0.019386
vt 0.980614 0.980614
vt 0.019386 0.980614
vt 0.019386 0.019386
vt 0.980614 0.980614
vt 0.019386 0.980614
vt 0.980614 0.019386
vt 0.980614 0.980614
vt 0.019386 0.980614
vt 0.019386 0.019386
vt 0.980614 0.019386
vt 0.980614 0.980614
vt 0.019386 0.980614
vt 0.019386 0.019386
vt 0.980614 0.980614
vt 0.019386 0.980614
vt 0.019386 0.019386
vt 0.980614 0.019386
vt 0.980614 0.980614
vt 0.019386 0.980614
vt 0.019386 0.019386
vt 0.980614 0.019386
vt 0.980614 0.980614
vt 0.019386 0.980614
vt 0.019386 0.019386
vt 0.980614 0.019386
vt 0.980614 0.980614
vt 0.019386 0.980614
vt 0.019386 0.019386
vt 0.980614 0.019386
vt 0.980614 0.980614
vt 0.019386 0.980614
vt 0.019386 0.019386
vt 0.980614 0.019386
vt 0.980614 0.980614
vt 0.019386 0.980614
vt 0.019386 0.019386
vt 0.980614 0.019386
vt 0.980614 0.980614
vt 0.019386 0.980614
vt 0.019386 0.019386
vt 0.980614 0.019386
vt 0.980614 0.980614
vt 0.019386 0.019386
vt 0.980614 0.019386
vt 0.980614 0.980614
vt 0.019386 0.019386
vt 0.980614 0.980614
vt 0.019386 0.980614
vt 0.019386 0.019386
vt 0.980614 0.019386
vt 0.019386 0.980614
vt 0.019386 0.019386
vt 0.980614 0.019386
vt 0.019386 0.980614
vt 0.980614 0.980614
vt 0.019386 0.980614
vt 0.019386 0.019386
vt 0.980614 0.019386
vt 0.980614 0.980614
vt 0.019386 0.980614
vt 0.019386 0.019386
vt 0.980614 0.019386
vt 0.980614 0.980614
vt 0.019386 0.980614
vt 0.019386 0.019386
vt 0.980614 0.019386
vt 0.980614 0.980614
vt 0.019386 0.980614
vt 0.980614 0.980614
vt 0.019386 0.980614
vt 0.019386 0.019386
vt 0.980614 0.019386
vt 0.980614 0.980614
vt 0.019386 0.980614
vt 0.980614 0.019386
vt 0.980614 0.980614
vt 0.019386 0.980614
vt 0.019386 0.019386
vt 0.980614 0.019386
vt 0.980614 0.980614
vt 0.019386 0.980614
vt 0.980614 0.019386
vt 0.980614 0.980614
vt 0.019386 0.980614
vt 0.019386 0.019386
vt 0.980614 0.019386
vt 0.980614 0.980614
vt 0.019386 0.980614
vt 0.019386 0.019386
vt 0.980614 0.019386
vt 0.980614 0.980614
vt 0.019386 0.980614
vt 0.019386 0.019386
vt 0.980614 0.019386
vt 0.980614 0.980614
vt 0.019386 0.980614
vt 0.019386 0.019386
vt 0.980614 0.019386
vt 0.980614 0.980614
vt 0.019386 0.980614
vt 0.019386 0.019386
vt 0.980614 0.019386
vt 0.980614 0.980614
vt 0.019386 0.980614
vt 0.019386 0.019386
vt 0.019386 0.980614
vt 0.019386 0.019386
vt 0.980614 0.019386
vt 0.019386 0.980614
vt 0.019386 0.019386
vt 0.980614 0.019386
vt 0.980614 0.980614
vt 0.019386 0.980614
vt 0.019386 0.019386
vt 0.980614 0.019386
vt 0.980614 0.980614
vt 0.019386 0.019386
vt 0.980614 0.019386
vt 0.980614 0.980614
vt 0.019386 0.019386
vt 0.980614 0.019386
vt 0.980614 0.980614
vt 0.019386 0.980614
vt 0.019386 0.019386
vt 0.980614 0.019386
vt 0.980614 0.980614
vt 0.019386 0.980614
vt 0.980614 0.980614
vt 0.019386 0.980614
vt 0.019386 0.019386
vt 0.980614 0.019386
vt 0.980614 0.980614
vt 0.019386 0.980614
vt 0.980614 0.019386
vt 0.980614 0.980614
vt 0.019386 0.980614
vt 0.019386 0.019386
vt 0.980614 0.980614
vt 0.019386 0.980614
vt 0.019386 0.019386
vt 0.980614 0.019386
vt 0.019386 0.980614
vt 0.019386 0.019386
vt 0.980614 0.019386
vt 0.019386 0.980614
vt 0.019386 0.019386
vt 0.980614 0.019386
vt 0.980614 0.980614
vt 0.019386 0.980614
vt 0.019386 0.019386
vt 0.980614 0.019386
vt 0.980614 0.980614
vt 0.019386 0.019386
vt 0.980614 0.019386
vt 0.980614 0.980614
vt 0.019386 0.019386
vt 0.980614 0.019386
vt 0.980614 0.980614
vt 0.019386 0.980614
vt 0.019386 0.019386
vt 0.980614 0.019386
vt 0.980614 0.980614
vt 0.019386 0.019386
vt 0.980614 0.019386
vt 0.980614 0.980614
vt 0.019386 0.019386
vt 0.980614 0.019386
vt 0.980614 0.980614
vt 0.980614 0.019386
vt 0.019386 0.980614
vt 0.980614 0.019386
vt 0.019386 0.980614
vt 0.980614 0.980614
vt 0.019386 0.980614
vt 0.019386 0.019386
vt 0.980614 0.980614
vt 0.019386 0.980614
vt 0.019386 0.980614
vt 0.019386 0.019386
vt 0.980614 0.019386
vt 0.980614 0.980614
vt 0.019386 0.980614
vt 0.019386 0.019386
vt 0.980614 0.980614
vt 0.019386 0.980614
vt 0.019386 0.019386
vt 0.980614 0.019386
vt 0.980614 0.980614
vt 0.019386 0.980614
vt 0.019386 0.019386
vt 0.980614 0.980614
vt 0.019386 0.980614
vt 0.454217 0.295543
vt 0.545783 0.295543
vt 0.355300 0.485082
vt 0.144700 0.485082
vt 0.144700 0.397014
vt 0.355300 0.397014
vt 0.980614 0.019386
vt 0.980614 0.980614
vt 0.019386 0.019386
vt 0.019386 0.019386
vt 0.980614 0.019386
vt 0.355300 0.632821
vt 1.144700 0.485082
vt 1.144700 0.632821
vt 0.144700 0.632821
vt 0.019386 0.019386
vt 0.980614 0.019386
vt 0.980614 0.980614
vt 0.019386 0.980614
vt 0.315204 0.421015
vt 0.987450 0.421015
vt 0.987450 0.578984
vt 0.315204 0.578984
vt 1.061488 0.421015
vt 1.061488 0.578984
vt 0.135858 0.421015
vt 0.135858 0.578984
vt 0.061488 0.421015
vt 0.061488 0.578984
vt 0.019386 0.980614
vt 0.019386 0.019386
vt 0.231635 1.000000
vt 0.231635 0.000000
vt 0.768365 0.000000
vt 0.768365 1.000000
vt 0.980614 0.019386
vt 0.980614 0.980614
vt 0.454217 0.215227
vt 0.545783 0.215227
vt 0.980614 0.019386
vt 0.019386 0.019386
vt 0.019386 0.980614
vt 0.019386 0.980614
vt 0.019386 0.019386
vt 0.019386 0.980614
vt 0.019386 0.019386
vt 1.144700 0.397014
vt 0.288891 0.063262
vt 0.711109 0.063262
vt 0.019386 0.019386
vt 0.019386 0.019386
vt 0.937932 0.322678
vt 0.937932 0.390795
vt 0.062068 0.390795
vt 0.062068 0.322678
vt 0.937932 0.390795
vt 0.937932 0.322678
vt 0.062068 0.322678
vt 0.062068 0.390795
vt 0.980614 0.980614
vt 0.019386 0.980614
vt 0.980614 0.980614
vt 0.019386 0.980614
vt 1.000000 0.352825
vt 0.000000 0.352825
vt 0.980614 0.980614
vt 0.019386 0.980614
vt 0.479784 0.322678
vt 0.479784 0.286527
vt 0.520216 0.286527
vt 0.520216 0.322678
vt 0.479784 0.390795
vt 0.520216 0.390795
vt 0.937932 0.286527
vt 0.062068 0.286527
vt 0.520216 1.286527
vt 0.479784 1.286527
vt 0.980614 0.980614
vt 0.019386 0.980614
vt 0.937932 0.286527
vt 0.062068 0.286527
vt 0.019386 0.980614
vt 0.980614 0.980614
vt 0.980614 0.980614
vt 0.019386 0.980614
vt 0.062068 1.286527
vt 0.937932 1.286527
vt 0.522569 0.000000
vt 0.477431 0.000000
vt 0.477431 1.000000
vt 0.522569 1.000000
vt 0.074372 0.053668
vt 0.950236 0.053668
vt 0.950236 0.949399
vt 0.074372 0.949399
vt 0.019386 0.019386
vt 0.019386 0.019386
vt 0.980614 0.019386
vt 0.019386 0.980614
vt 0.019386 0.980614
vt 0.980614 0.019386
vt 0.980614 0.980614
vt 0.019386 0.019386
vt 0.980614 0.019386
vt 0.980614 0.980614
vt 0.980614 0.019386
vt 0.980614 0.019386
vt 0.980614 0.980614
vt 0.980614 0.019386
vt 0.980614 0.980614
vt 0.019386 0.019386
vt 0.980614 0.019386
vt 0.980614 0.980614
vt 0.019386 0.980614
vt 0.019386 0.019386
vt 0.980614 0.019386
vt 0.980614 0.980614
vt 0.019386 0.980614
vt 0.019386 0.980614
vt 0.980614 0.980614
vt 0.980614 0.019386
vt 0.980614 0.980614
vt 0.980614 0.980614
vt 0.980614 0.019386
vt 0.980614 0.980614
vt 0.019386 0.019386
vt 0.980614 0.019386
vt 0.019386 0.019386
vt 0.019386 0.980614
vt 0.019386 0.980614
vt 0.019386 0.019386
vt 0.019386 0.019386
vt 0.019386 0.980614
vt 0.019386 0.019386
vt 0.980614 0.019386
vt 0.980614 0.019386
vn 0.0000 0.0000 1.0000
vn -1.0000 0.0000 0.0000
vn 1.0000 0.0000 0.0000
vn 0.0000 -1.0000 0.0000
vn 0.0000 1.0000 0.0000
vn 0.0000 0.0000 -1.0000
usemtl Matériau.004
s off
f 393/1009/63 394/1010/63 411/1011/63 410/1012/63
f 396/1013/64 402/1014/64 447/1015/64 443/1016/64
f 399/1017/65 400/1018/65 398/1019/65 397/1020/65
f 394/1021/64 393/1022/64 405/1023/64 406/1024/64
f 395/1025/66 399/1026/66 397/1027/66 393/1028/66
f 398/1029/65 400/1018/65 403/1030/65 404/1031/65
f 403/1032/67 402/1014/67 401/1033/67 404/1031/67
f 396/1013/68 395/1034/68 409/1035/68 412/1036/68
f 394/1021/63 398/1037/63 404/1038/63 401/1039/63
f 395/1025/64 396/1040/64 443/1041/64 444/1042/64
f 408/1043/63 407/1044/63 406/1045/63 405/1046/63
f 393/1009/66 397/1047/66 408/1048/66 405/1046/66
f 398/1029/67 394/1010/67 406/1045/67 407/1049/67
f 397/1050/65 398/1037/65 407/1051/65 408/1052/65
f 413/1053/67 414/1054/67 419/1055/67 418/1056/67
f 414/1057/68 412/1058/68 417/1059/68 419/1060/68
f 401/1061/67 402/1014/67 414/1062/67 413/1063/67
f 402/1064/68 396/1040/68 412/1065/68 414/1066/68
f 395/1025/66 393/1022/66 410/1067/66 409/1068/66
f 394/1021/63 401/1069/63 413/1070/63 411/1071/63
f 419/1072/65 417/1073/65 517/1074/65 519/1075/65
f 423/1076/66 428/1077/66 507/1078/66 504/1079/66
f 409/1080/66 410/1081/66 416/1082/66 415/1083/66
f 455/1084/65 418/1085/65 523/1086/65 515/1087/65
f 412/1088/68 409/1089/68 415/1090/68 417/1091/68
f 489/1092/68 424/1093/68 505/1094/68 511/1095/68
f 502/1096/67 419/1097/67 519/1098/67 525/1099/67
f 430/1100/63 491/1101/63 512/1102/63 506/1103/63
f 424/1104/63 422/1105/63 458/1106/63 457/1107/63
f 411/1108/65 413/1109/65 422/1110/65 421/1111/65
f 410/1112/65 411/1108/65 421/1111/65 420/1113/65
f 416/1114/66 410/1081/66 420/1115/66 423/1116/66
f 430/1100/64 429/1117/64 435/1118/64 436/1119/64
f 428/1120/66 425/1121/66 431/1122/66 434/1123/66
f 420/1113/65 421/1111/65 426/1124/65 425/1125/65
f 423/1076/66 420/1126/66 425/1127/66 428/1128/66
f 424/1104/63 457/1129/63 509/1130/63 505/1131/63
f 421/1111/65 422/1110/65 427/1132/65 426/1124/65
f 432/1133/63 433/1134/63 436/1135/63 435/1136/63
f 431/1137/63 432/1138/63 435/1118/63 434/1123/63
f 480/1139/64 479/1140/64 486/1141/64 487/1142/64
f 439/1143/68 477/1144/68 679/1145/68 680/1146/68
f 429/1147/64 428/1077/64 434/1148/64 435/1136/64
f 478/1149/68 477/1144/68 439/1143/68 438/1150/68
f 438/1151/65 439/1152/65 442/1153/65 441/1154/65
f 437/1155/65 438/1156/65 441/1157/65 440/1158/65
f 479/1159/66 481/1160/66 437/1161/66 440/1158/66
f 482/1162/64 480/1163/64 487/1164/64 488/1165/64
f 436/1135/63 433/1134/63 678/1166/63 677/1167/63
f 481/1168/68 478/1169/68 438/1170/68 437/1171/68
f 448/1172/65 446/1173/65 452/1174/65 454/1175/65
f 444/1176/64 443/1177/64 449/1178/64 450/1179/64
f 400/1180/65 399/1026/65 445/1181/65 446/1182/65
f 399/1017/66 395/1034/66 444/1183/66 445/1184/66
f 402/1064/67 403/1185/67 448/1186/67 447/1187/67
f 403/1032/65 400/1018/65 446/1188/65 448/1189/65
f 454/1190/65 452/1191/65 462/1192/65 464/1193/65
f 450/1194/64 449/1195/64 459/1196/64 460/1197/64
f 446/1198/65 445/1199/65 451/1200/65 452/1201/65
f 445/1202/66 444/1203/66 450/1204/66 451/1205/66
f 443/1206/64 447/1207/64 453/1208/64 449/1209/64
f 447/1210/67 448/1211/67 454/1212/67 453/1213/67
f 456/1214/68 455/1215/68 493/1216/68 494/1217/68
f 422/1218/65 413/1219/65 456/1220/65 458/1221/65
f 413/1053/68 418/1085/68 455/1222/68 456/1223/68
f 415/1224/66 416/1225/66 498/1226/66 497/1227/66
f 464/1228/65 462/1229/65 468/1230/65 470/1231/65
f 460/1232/64 459/1233/64 465/1234/64 466/1235/64
f 452/1236/65 451/1237/65 461/1238/65 462/1239/65
f 451/1240/66 450/1241/66 460/1242/66 461/1243/66
f 449/1244/64 453/1245/64 463/1246/64 459/1247/64
f 454/1190/65 464/1248/65 474/1249/65 472/1250/65
f 466/1251/68 465/1252/68 468/1230/68 467/1253/68
f 468/1254/68 465/1252/68 469/1255/68 470/1231/68
f 462/1256/65 461/1257/65 467/1258/65 468/1259/65
f 461/1260/66 460/1261/66 466/1262/66 467/1253/66
f 459/1263/64 463/1264/64 469/1255/64 465/1265/64
f 463/1266/64 453/1245/64 471/1267/64 473/1268/64
f 471/1269/67 472/1270/67 474/1249/67 473/1268/67
f 473/1271/67 474/1272/67 476/1273/67 475/1274/67
f 470/1275/68 469/1276/68 475/1277/68 476/1278/68
f 469/1279/64 463/1264/64 473/1280/64 475/1274/64
f 464/1228/65 470/1281/65 476/1273/65 474/1282/65
f 453/1283/63 454/1284/63 472/1285/63 471/1286/63
f 425/1287/68 426/1288/68 478/1289/68 481/1290/68
f 477/1291/68 427/1292/68 676/1293/68 679/1294/68
f 433/1295/63 432/1138/63 480/1296/63 482/1297/63
f 431/1137/66 425/1121/66 481/1298/66 479/1299/66
f 426/1300/68 427/1292/68 477/1291/68 478/1301/68
f 432/1133/63 431/1302/63 479/1303/63 480/1304/63
f 487/1142/64 486/1141/64 662/1305/64 663/1306/64
f 484/1307/65 485/1308/65 661/1309/65 660/1310/65
f 440/1311/65 441/1312/65 484/1313/65 483/1314/65
f 479/1159/66 440/1315/66 483/1316/66 486/1317/66
f 442/1318/67 482/1319/67 488/1320/67 485/1321/67
f 441/1322/65 442/1323/65 485/1324/65 484/1325/65
f 490/1326/67 489/1327/67 491/1328/67 492/1329/67
f 422/1218/68 424/1093/68 489/1330/68 490/1331/68
f 430/1100/63 427/1292/63 492/1332/63 491/1333/63
f 427/1334/65 422/1105/65 490/1335/65 492/1329/65
f 494/1336/67 493/1337/67 495/1338/67 496/1339/67
f 458/1340/65 456/1341/65 494/1342/65 496/1339/65
f 457/1343/63 458/1344/63 496/1345/63 495/1346/63
f 545/1347/68 546/1348/68 640/1349/68 639/1350/68
f 498/1351/64 499/1352/64 500/1353/64 497/1227/64
f 500/1354/64 499/1352/64 501/1355/64 502/1356/64
f 499/1357/64 498/1358/64 504/1359/64 503/1360/64
f 501/1361/64 499/1352/64 503/1362/64 505/1131/64
f 503/1363/68 504/1364/68 551/1365/68 552/1366/68
f 506/1367/63 512/1368/63 558/1369/63 554/1370/63
f 508/1371/63 506/1372/63 554/1373/63 556/1374/63
f 501/1361/64 505/1375/64 509/1130/64 510/1376/64
f 510/1377/64 509/1378/64 513/1379/64 514/1380/64
f 428/1120/63 429/1117/63 508/1381/63 507/1382/63
f 418/1383/67 419/1097/67 502/1384/67 501/1385/67
f 457/1343/63 495/1386/63 513/1379/63 509/1387/63
f 429/1147/63 430/1388/63 506/1389/63 508/1390/63
f 569/1391/63 558/1392/63 629/1393/63 630/1394/63
f 416/1114/66 423/1395/66 504/1359/66 498/1396/66
f 510/1377/64 514/1397/64 522/1398/64 516/1399/64
f 525/1400/67 519/1401/67 531/1402/67 537/1403/67
f 637/1404/67 636/1405/67 644/1406/67 650/1407/67
f 526/1408/64 516/1409/64 528/1410/64 538/1411/64
f 519/1412/65 517/1413/65 529/1414/65 531/1415/65
f 417/1416/65 415/1417/65 518/1418/65 517/1419/65
f 501/1361/64 510/1420/64 516/1421/64 526/1422/64
f 418/1383/66 501/1423/66 526/1424/66 523/1425/66
f 500/1354/64 502/1426/64 525/1427/64 524/1428/64
f 639/1429/67 637/1430/67 650/1431/67 654/1432/67
f 415/1224/66 497/1433/66 520/1434/66 518/1435/66
f 534/1436/64 522/1437/64 635/1438/64 638/1439/64
f 497/1440/64 500/1441/64 524/1442/64 520/1443/64
f 493/1444/63 455/1445/63 643/1446/63 642/1447/63
f 538/1448/64 528/1449/64 540/1450/64 550/1451/64
f 531/1452/65 529/1453/65 541/1454/65 543/1455/65
f 527/1456/65 535/1457/65 547/1458/65 539/1459/65
f 518/1460/66 520/1461/66 532/1462/66 530/1463/66
f 516/1464/64 522/1437/64 534/1436/64 528/1465/64
f 520/1466/64 524/1467/64 536/1468/64 532/1469/64
f 522/1398/64 514/1397/64 634/1470/64 635/1471/64
f 523/1472/66 526/1473/66 538/1474/66 535/1475/66
f 517/1476/65 518/1477/65 530/1478/65 529/1479/65
f 524/1480/64 525/1481/64 537/1482/64 536/1483/64
f 515/1484/65 523/1485/65 535/1486/65 527/1487/65
f 541/1488/68 542/1489/68 544/1490/68 548/1491/68
f 539/1492/68 547/1493/68 550/1494/68 540/1495/68
f 545/1347/68 539/1496/68 540/1450/68 546/1348/68
f 543/1497/68 541/1498/68 548/1499/68 549/1500/68
f 537/1501/67 531/1502/67 543/1503/67 549/1500/67
f 530/1504/66 532/1505/66 544/1490/66 542/1506/66
f 528/1507/64 534/1508/64 546/1509/64 540/1495/64
f 532/1510/64 536/1511/64 548/1499/64 544/1512/64
f 527/1456/66 539/1459/66 647/1513/66 648/1514/66
f 535/1515/66 538/1516/66 550/1494/66 547/1517/66
f 529/1518/65 530/1519/65 542/1520/65 541/1521/65
f 536/1522/64 537/1523/64 549/1524/64 548/1491/64
f 571/1525/66 570/1526/66 563/1527/66 559/1528/66
f 569/1391/67 567/1529/67 565/1530/67 566/1531/67
f 567/1532/68 568/1533/68 561/1534/68 565/1535/68
f 504/1536/66 507/1537/66 555/1538/66 551/1539/66
f 507/1540/63 508/1541/63 556/1542/63 555/1543/63
f 511/1544/68 505/1375/68 553/1545/68 557/1546/68
f 558/1547/63 512/1368/63 626/1548/63 629/1549/63
f 505/1550/68 503/1551/68 552/1552/68 553/1553/68
f 560/1554/64 559/1555/64 563/1527/64 564/1556/64
f 561/1557/64 562/1558/64 566/1559/64 565/1535/64
f 561/1557/64 560/1560/64 564/1561/64 562/1562/64
f 570/1563/63 572/1564/63 564/1561/63 563/1565/63
f 568/1566/68 573/1567/68 560/1568/68 561/1569/68
f 562/1570/64 564/1571/64 575/1572/64 576/1573/64
f 574/1574/65 569/1575/65 579/1576/65 580/1577/65
f 573/1578/68 571/1579/68 559/1580/68 560/1581/68
f 552/1582/68 551/1583/68 571/1584/68 573/1585/68
f 556/1586/63 554/1587/63 574/1588/63 572/1589/63
f 554/1590/63 558/1392/63 569/1591/63 574/1592/63
f 553/1593/68 552/1594/68 573/1595/68 568/1596/68
f 555/1597/63 556/1598/63 572/1599/63 570/1600/63
f 557/1601/68 553/1602/68 568/1603/68 567/1604/68
f 512/1605/63 491/1101/63 625/1606/63 626/1607/63
f 551/1608/66 555/1609/66 570/1610/66 571/1611/66
f 579/1612/67 577/1613/67 583/1614/67 585/1615/67
f 578/1616/65 580/1617/65 586/1618/65 584/1619/65
f 564/1620/66 572/1564/66 578/1621/66 575/1622/66
f 569/1391/67 566/1623/67 577/1624/67 579/1625/67
f 572/1626/65 574/1627/65 580/1628/65 578/1629/65
f 566/1630/64 562/1558/64 576/1631/64 577/1632/64
f 582/1633/64 581/1634/64 587/1635/64 588/1636/64
f 581/1637/66 584/1638/66 590/1639/66 587/1640/66
f 577/1641/64 576/1642/64 582/1643/64 583/1644/64
f 580/1645/65 579/1646/65 585/1647/65 586/1648/65
f 575/1649/66 578/1650/66 584/1651/66 581/1652/66
f 576/1653/64 575/1654/64 581/1655/64 582/1656/64
f 592/1657/63 591/1658/63 589/1659/63 588/1636/63
f 590/1660/63 592/1661/63 588/1662/63 587/1640/63
f 591/1663/63 592/1661/63 597/1664/63 598/1665/63
f 585/1666/67 583/1667/67 589/1659/67 591/1668/67
f 583/1669/64 582/1670/64 588/1662/64 589/1671/64
f 590/1660/66 584/1638/66 593/1672/66 594/1673/66
f 594/1674/66 593/1675/66 599/1676/66 600/1677/66
f 595/1678/68 596/1679/68 602/1680/68 601/1681/68
f 584/1682/68 586/1683/68 595/1684/68 593/1685/68
f 585/1666/67 591/1658/67 598/1686/67 596/1687/67
f 586/1688/68 585/1689/68 596/1690/68 595/1691/68
f 592/1657/63 590/1692/63 594/1693/63 597/1694/63
f 602/1695/67 604/1696/67 610/1697/67 608/1698/67
f 602/1695/67 608/1699/67 616/1700/67 613/1701/67
f 597/1702/63 594/1703/63 600/1704/63 603/1705/63
f 593/1706/68 595/1707/68 601/1708/68 599/1709/68
f 596/1710/67 598/1711/67 604/1712/67 602/1713/67
f 598/1714/63 597/1715/63 603/1716/63 604/1717/63
f 605/1718/65 607/1719/65 609/1720/65 606/1721/65
f 607/1722/65 608/1699/65 610/1697/65 609/1723/65
f 604/1724/63 603/1725/63 609/1720/63 610/1726/63
f 599/1727/64 601/1728/64 611/1729/64 612/1730/64
f 600/1731/66 599/1732/66 605/1733/66 606/1721/66
f 603/1734/63 600/1735/63 606/1736/63 609/1723/63
f 616/1737/65 614/1738/65 620/1739/65 622/1740/65
f 613/1741/67 616/1742/67 622/1743/67 619/1744/67
f 605/1718/66 599/1732/66 612/1745/66 615/1746/66
f 601/1747/64 602/1748/64 613/1749/64 611/1750/64
f 607/1722/65 605/1751/65 615/1752/65 614/1753/65
f 608/1754/65 607/1719/65 614/1755/65 616/1756/65
f 618/1757/68 617/1758/68 620/1739/68 621/1759/68
f 617/1760/68 619/1761/68 622/1743/68 620/1762/68
f 612/1763/64 611/1764/64 617/1765/64 618/1766/64
f 615/1767/66 612/1768/66 618/1769/66 621/1759/66
f 614/1770/65 615/1771/65 621/1772/65 620/1762/65
f 611/1773/64 613/1774/64 619/1775/64 617/1776/64
f 625/1777/67 624/1778/67 623/1779/67 626/1607/67
f 626/1780/67 623/1781/67 628/1782/67 629/1549/67
f 629/1783/67 628/1784/67 627/1785/67 630/1394/67
f 511/1544/68 557/1786/68 628/1782/68 623/1787/68
f 489/1092/68 511/1788/68 623/1779/68 624/1789/68
f 567/1532/64 569/1575/64 630/1790/64 627/1791/64
f 491/1792/65 489/1327/65 624/1793/65 625/1794/65
f 557/1601/68 567/1529/68 627/1785/68 628/1795/68
f 632/1796/67 633/1797/67 634/1798/67 631/1799/67
f 634/1800/67 633/1797/67 636/1801/67 635/1802/67
f 635/1803/67 636/1804/67 637/1805/67 638/1806/67
f 638/1807/67 637/1430/67 639/1429/67 640/1349/67
f 514/1380/64 513/1379/64 631/1808/64 634/1809/64
f 636/1405/67 633/1810/67 653/1811/67 644/1406/67
f 646/1812/65 643/1813/65 657/1814/65 658/1815/65
f 546/1509/64 534/1508/64 638/1816/64 640/1817/64
f 545/1347/68 639/1350/68 654/1818/68 651/1819/68
f 513/1379/63 495/1386/63 632/1820/63 631/1808/63
f 645/1821/65 646/1812/65 648/1822/65 649/1823/65
f 642/1824/65 643/1813/65 646/1812/65 645/1821/65
f 649/1825/65 648/1826/65 647/1827/65 651/1828/65
f 645/1829/65 649/1830/65 650/1831/65 644/1832/65
f 649/1830/65 651/1833/65 654/1834/65 650/1831/65
f 642/1835/65 645/1829/65 644/1832/65 653/1836/65
f 641/1837/65 642/1835/65 653/1836/65 652/1838/65
f 515/1484/64 527/1487/64 521/1839/64 655/1840/64
f 632/1841/63 495/1842/63 641/1843/63 652/1844/63
f 495/1338/66 493/1337/66 642/1845/66 641/1846/66
f 633/1810/67 632/1847/67 652/1848/67 653/1811/67
f 539/1496/68 545/1347/68 651/1819/68 647/1849/68
f 656/1850/66 655/1851/66 658/1852/66 657/1853/66
f 655/1840/66 521/1839/66 533/1854/66 658/1855/66
f 648/1822/65 646/1812/65 658/1815/65 533/1856/65
f 643/1446/63 455/1445/63 656/1857/63 657/1858/63
f 455/1084/64 515/1087/64 655/1851/64 656/1850/64
f 527/1456/68 648/1514/68 533/1859/68 521/1860/68
f 660/1861/65 661/1862/65 667/1863/65 666/1864/65
f 664/1865/64 663/1866/64 669/1867/64 670/1868/64
f 485/1321/67 488/1320/67 664/1869/67 661/1870/67
f 486/1317/66 483/1316/66 659/1871/66 662/1872/66
f 483/1873/65 484/1307/65 660/1310/65 659/1874/65
f 488/1165/64 487/1164/64 663/1875/64 664/1876/64
f 669/1877/63 668/1878/63 665/1879/63 666/1880/63
f 670/1881/63 669/1877/63 666/1880/63 667/1882/63
f 663/1866/64 662/1883/64 668/1884/64 669/1867/64
f 670/1881/63 667/1882/63 673/1885/63 674/1886/63
f 662/1872/66 659/1871/66 665/1887/66 668/1888/66
f 659/1889/65 660/1861/65 666/1864/65 665/1890/65
f 671/1891/67 672/1892/67 674/1893/67 673/1894/67
f 664/1865/64 670/1868/64 674/1895/64 672/1896/64
f 661/1897/68 664/1898/68 672/1899/68 671/1900/68
f 667/1901/65 661/1902/65 671/1903/65 673/1904/65
f 676/1293/68 675/1905/68 682/1906/68 683/1907/68
f 675/1905/64 677/1908/64 684/1909/64 682/1906/64
f 680/1146/68 679/1145/68 686/1910/68 687/1911/68
f 482/1319/66 442/1318/66 692/1912/66 690/1913/66
f 430/1100/64 436/1119/64 677/1908/64 675/1905/64
f 427/1292/68 430/1100/68 675/1905/68 676/1293/68
f 689/1914/67 685/1915/67 697/1916/67 696/1917/67
f 442/1153/65 439/1152/65 680/1918/65 681/1919/65
f 683/1920/67 682/1921/67 684/1922/67 685/1923/67
f 686/1924/67 689/1925/67 688/1926/67 687/1927/67
f 683/1920/67 685/1915/67 689/1914/67 686/1928/67
f 679/1294/68 676/1293/68 683/1907/68 686/1929/68
f 681/1919/65 680/1918/65 687/1930/65 688/1926/65
f 677/1167/63 678/1166/63 685/1915/63 684/1922/63
f 442/1153/65 681/1919/65 695/1931/65 692/1932/65
f 688/1926/67 689/1925/67 696/1933/67 698/1934/67
f 690/1913/63 692/1912/63 695/1935/63 693/1936/63
f 691/1937/63 690/1938/63 693/1939/63 694/1940/63
f 693/1936/63 695/1935/63 698/1941/63 696/1933/63
f 694/1940/63 693/1939/63 696/1942/63 697/1943/63
f 681/1919/65 688/1926/65 698/1934/65 695/1931/65
f 433/1295/66 482/1297/66 690/1938/66 691/1937/66
f 678/1166/64 433/1134/64 691/1944/64 694/1945/64
f 685/1915/64 678/1166/64 694/1945/64 697/1916/64
